8.52E+17,,SH_AKTHI
8.40E+17,,Magnonk909
9.08E+17,,imose_eth
9.04E+17,,ehsanhadadi1
8.30E+17,,founder197
8.42E+17,,viewsvalidator
7.45E+17,,0xberuangmadu
8.58E+17,meison7554#0,@meison_mswen
9.10E+17,ihor0732#0,Arcano5609
1.19E+18,0xihor#0,0xIhor
9.04E+17,esi777#0,ehsanhadadi1
9.08E+17,isaiaho123#0,imose_eth
1.11E+18,qprecious296#0,rovendisc
6.79E+17,ditsy22#0,crypto_ditsy
9.08E+17,billx.sat#0,bicevipri
1.24E+18,kamushkyn#0,ychexoB
9.99E+17,hdm368358#0,DaraeiHossein
1.25E+18,truonggiang0603#0,truonggiang0603
3.38E+17,plebeybob#0,Plebeybobs
7.10E+17,loveeat.bnb#0,@Cipher_passage
8.40E+17,ehsan289#0,toktiol
1.19E+18,0xpharaoh2262#0,@Mohamed_15996
8.30E+17,chiefdahunsi#0,dahunsitemitope
8.76E+17,saeed6538#0,Madridd1902
8.76E+17,hmd7ai#0,CoreySnuff
1.08E+18,light_of_night8#0,light_of_night8
4.26E+17,reloolooza#0,shahfilsoof
1.04E+18,yurnalis_cryptosiast#0,yurnaliis
1.05E+18,roserose68#0,Mysyin
9.19E+17,zhuzhu8447#0,roserose1862
9.99E+17,hossein7491#0,Richard_Enzo96
1.04E+18,versus777#0,andrey_versus
9.10E+17,ihor0732#0,Arcano5609
3.89E+17,vva2123#0,golftel
1.23E+18,melin0141#0,Melin586710
8.97E+17,pandatel25#0,panda48084502
9.01E+17,spradith6057#0,greent2525
9.39E+17,90ojnzspgds300384#0,PaytonGyrl1986
9.59E+17,3rzyq3koumg55#0,gomennnne05410
9.33E+17,f9g5dp3wmm55952#0,OadbyOwlHH
9.31E+17,hrn75q000y7401#0,LucianoGafuri
9.35E+17,pc26vg61umb261739#0,Fahmie_morrenna
9.31E+17,ericseen.#0,yanisundari65
9.31E+17,ky5x7yt5sbnfa2651#0,H2H_foundation
9.25E+17,laveta39#0,@LavetaG39809
8.40E+17,jarvis779#0,Magnonk909
9.25E+17,p5h5ucc2m9n0146#0,tha_eenz_girl
9.25E+17,itbcjkl7otobo6515#0,shaneroll8
9.34E+17,g8ufd3ku49936#0,lucianalee86
9.25E+17,4gc9h7hvg1146#0,mjdigger66
1.28E+18,heavyshadow0806#0,barts12
9.34E+17,797o3fkt06w2517#0,audreababy
9.30E+17,50mm2ct2fkweg4146#0,k_huxell
9.17E+17,eywr09nt119752#0,zfigo1987
9.29E+17,givenchybae8452#0,vadoron
9.25E+17,ecrtzjn5s6060#0,weirdobre22
1.20E+18,formatglobal#0,stequantum
1.21E+18,djeipy.#0,scottieheasman
1.21E+18,danielekgames#0,titorecife
1.20E+18,dylanimus.#0,mikegraffnow
1.21E+18,petahh0974#0,BreeRigsby
1.21E+18,dilkhush60d#0,Rock0076
1.21E+18,dastisch_#0,pjtanner11
1.21E+18,bosspanda0316#0,tempest165
1.20E+18,danteunik_#0,ricardojoc
1.21E+18,imamarid#0,Adriahna
1.21E+18,darkpittbull_#0,Alex_Lucas_B
1.20E+18,superspraezy.#0,luissusin
1.21E+18,clumsyberry_#0,James__Saunders
1.21E+18,schorsch0717#0,kenshinjama
1.20E+18,kisanae.#0,peaceAS
1.20E+18,tmaucher#0,1kingwallace
1.21E+18,repeteco_#0,AnnieVane
1.21E+18,thepavinsky.#0,Afrodity18
1.21E+18,fatneek0615#0,finale__
1.21E+18,crackerwhitey#0,Abhishek_72
1.21E+18,wurstmc.#0,AntonioLavinda
1.21E+18,haukea0404#0,AnastassiaM
1.21E+18,martokklff#0,AznWnnabe
1.21E+18,gerkules0477#0,@monserrate5102
1.21E+18,trauci_#0,tom_hay
1.21E+18,dcarp7.#0,BFAS76
1.21E+18,thaliamiau_#0,AWormald
1.21E+18,effisio.#0,BYAKYT
1.21E+18,dunteon.#0,CTPAXoff
1.21E+18,zermexe8g#0,Anandagati
1.21E+18,exifallz0x#0,BigMadafaca
1.21E+18,mimphis.#0,BARBARAPEDROZA
1.21E+18,cabluff#0,jun931203
1.21E+18,waitandprotect#0,ACURA32
1.21E+18,beimax0088#0,DJLeoK
1.21E+18,mrkevsalv#0,marthagomez31
1.21E+18,coolcrab0856#0,B1zzer
1.21E+18,antonvolkrfm#0,majoarce7
1.21E+18,austra0249#0,CatherineTLee
1.21E+18,vitreous0386#0,jojaloji
1.21E+18,wiracocha0033#0,Alex_stam
1.21E+18,sixwingsflying.#0,BlueDevilsFan76
3.70E+17,extazikviacheslav#0,@Lineage_Extazik
1.21E+18,brownsauce0749#0,Xandeted
1.21E+18,maevaasan_#0,3030im
1.21E+18,sritoda_#0,laguerae
1.20E+18,kwasky.#0,rebeccapenn93
1.21E+18,kankorsh.#0,mich8011
1.24E+18,breadwinner46077#0,Mayamariana7
1.21E+18,eithan03815#0,medicolalo
1.21E+18,zofiranxt#0,emaldifranco
1.27E+18,manosfatehands0503#0,mipobreangelit2
1.27E+18,nanahterasu.#0,alditabungsu
1.27E+18,thefoxernl_#0,joooojtk4e
1.27E+18,dabgren.#0,tea_lamorb_li2
1.30E+18,legendsight_#0,monst_tomoki48
1.27E+18,guldukat0089#0,roddazevedo
1.30E+18,iteration0214#0,tinistastodastu
1.30E+18,russian05125#0,mvagustacolombi
1.29E+18,deltabeard0123#0,ilmi_hardin
1.30E+18,feudallord0635#0,gabrieltaalevi
9.24E+17,sharriette#0,@sharriette19269
1.21E+18,antananarivu0935#0,@KyokoLaver45963
1.21E+18,slipperyglove.#0,@SwansTweets
9.33E+17,pameliao48749#0,@BillyRoxy333166
9.27E+17,billyroxy#0,@BillyRoxy333166
1.31E+18,dieguim0449#0,galata_ylmaz
9.33E+17,i3wxm9h4e2362#0,takeryo1127
9.34E+17,wt26zdkk4ah6158#0,milleniaramadhi
9.34E+17,kjhlqy7f3y7ef5521#0,sorasa_0122
9.24E+17,6o4c0rrbqh462743#0,RetnoWidy1
9.22E+17,m5cat3ygx#0,hemb053046
9.24E+17,grh35chz8npm0148#0,1130_rino
9.23E+17,gkichoc1i6s#0,www_faleh54321
9.33E+17,2m9bhf5y9jwq1872#0,12happy4132
1.28E+18,turkturkleton0931#0,filo117herrera
1.29E+18,frigolito0142#0,natuka_a
1.27E+18,maxtone0701#0,squidward_2
1.29E+18,elmuerto0550#0,navajas_mark
1.27E+18,jackavader0305#0,kylianaudrey
1.30E+18,senguin0695#0,lore_tana_
1.28E+18,hhdrms.#0,coumba_camara
1.27E+18,goldenflower220688#0,estefany1514
1.28E+18,digoohbr0356#0,ej_parkeunji01
1.29E+18,trofim0168#0,octavia_tari
1.21E+18,myaxling.#0,@TieshaBrig38507
9.30E+17,larletha#0,@LArletha13714
9.24E+17,joanne79295#0,<@923938898567106583>
1.20E+18,chowchow0420#0,@WilliaLeig2979
9.19E+17,jqqtfughm6mj3747#0,@JinaMeliss4625
9.34E+17,ebs6e1p9k2986#0,yhy140901
9.33E+17,kq5qux3ytdjma6820#0,MG_Sungmin
9.19E+17,b8yx22ddn15sj5484#0,yukichikun_820
9.33E+17,5dcrqmd8kp#0,mai01040103
9.24E+17,veronika_s42993#0,<@924173030853324810>
9.24E+17,elvira18866#0,<@923879596221403186>
9.19E+17,etharegeni#0,@EthaRegeni56600
9.26E+17,lynlai187089#0,@LynLai187089
9.26E+17,ivelissele#0,@IvelisseLe92845
1.21E+18,sivoice_#0,@GregoriaSh60774
9.26E+17,yt6bayp0l32036#0,Noooor64026548
9.33E+17,xazc0o9liqpg4001#0,RubenElizondo17
9.24E+17,p35h9m4vh3508#0,reyketzu12
9.30E+17,apces7brqi9615#0,tainarafrancis
9.34E+17,w208xcgeripd5897#0,britneyphungg
9.19E+17,c9s7kj478wx0z2139#0,NaamiraUlfa
1.21E+18,andisale.#0,@RisaWonda21214
1.21E+18,feuerfrei0454#0,inge_ami30336
1.21E+18,sangle0597#0,janel_arly52106
1.20E+18,hard2know4gm#0,Artisee20
1.27E+18,litventer_#0,billieburberry
1.30E+18,lepicks0455#0,sofiekvernbeerg
1.27E+18,nexia27.#0,milena_barbosa3
1.28E+18,guizmohak0440#0,graydonlee
1.29E+18,midgat0500#0,xavitatsuki
1.30E+18,gastozz0931#0,enaborejustin30
1.27E+18,towiss0882#0,geromog
1.30E+18,inzaghi9or#0,sj0426_haruka
1.28E+18,elzingdach0968#0,nanasesafam
1.27E+18,tuffanyqsj#0,rueben93468361
9.16E+17,qbclp0akf7199#0,Mahnoor_M8
9.34E+17,778wzavuh6p8488#0,sonnyjones12
9.16E+17,88dooeuv2kie75983#0,NRahid
9.24E+17,pb9bvki7b6153#0,Cheuvi1
9.18E+17,pvoxvjogxrc08635#0,aryutomo1
9.18E+17,7477f4bii8188407#0,taylordrouault
9.30E+17,ojiur8s2fg5022#0,conorlinnane101
1.30E+18,vertebralgiant0989#0,anzelinghio
1.27E+18,alfberto0253#0,esmayamaney
1.28E+18,follbery_#0,d135shanks
1.27E+18,kemicza.#0,maaliyah_xo
1.28E+18,exiliumset0983#0,keitamakan2
1.27E+18,oksman0369#0,animusjkt
1.27E+18,chilliquack0985#0,joel_cubillo
1.29E+18,borischter6kc#0,sagita__namira
1.27E+18,jimsy330976#0,omiryu_airi
1.28E+18,archeii0858#0,serafimaandreev
9.34E+17,77f23rb5i0rd03870#0,flower20101012
9.33E+17,berkribas1448#0,MDoretta65906
1.08E+18,eli_802#0,Eli_802
1.30E+18,stringyshots0647#0,oscarlisv
1.27E+18,alexshady0244#0,leilajoy19
1.29E+18,whiteender0112#0,paulamillet28
1.30E+18,teiturolsen0454#0,rocadaviliko
1.27E+18,kpasonuvj#0,anaclaravasco10
1.27E+18,imnuubie.#0,tiniangellove
1.27E+18,flaviaci_#0,lenningaddie36
1.28E+18,imboof0416#0,0124_kengo
1.27E+18,loluserxd0249#0,vitoria_gata08
1.30E+18,frandiwe_#0,_bia_cris_ls
1.27E+18,astral077473#0,modelmuk
1.29E+18,coolcan0730#0,triwulanramdhan
1.30E+18,sacrix#0,loveangelplg
1.27E+18,aloejoey0537#0,5884yuuto
1.27E+18,natulis0702#0,smk_snakma
1.28E+18,liberty0573#0,denaary
1.30E+18,kutuzof0825#0,batista_susu
1.30E+18,azerathor0159#0,runaskip
1.28E+18,olegardvd0526#0,luke_bell32
1.27E+18,manecita0665#0,sashaphonso
1.27E+18,zeepth.#0,blinkstarquotes
1.29E+18,wittschi0562#0,milliwilliamsx
1.27E+18,artyomgc.#0,entretantosbar
1.30E+18,marcakeus_#0,lili_todaboa
1.28E+18,xiaovasya0745#0,arashi0915pop
1.27E+18,ranguvar0520#0,mr1126_sk0312
1.28E+18,ilovechicken07018#0,muhdhafiz312
1.29E+18,neounity_#0,andika_gelar
1.27E+18,lightcan0701#0,kaariska04
1.29E+18,eliteklf_#0,countryboiij
9.24E+17,qlfhgdv76y39978#0,qariina17
9.34E+17,97a4rh0gwwb4091#0,RashidaR63855
9.33E+17,rk5e2hfs8g9410#0,akane17ba
9.33E+17,bhq9hfsf8sqrs7737#0,melani04341760
9.24E+17,6vfvu2o00wk5554#0,Endang_051
9.04E+17,ffsmy2axx8653#0,ryanmic6
9.18E+17,xi9dwtbn83075#0,SelenaGomez_VII
1.30E+18,push1n.#0,cassieclary77
1.28E+18,alefluiz0491#0,bennypalms1
1.28E+18,spray4fun_#0,ale17enano
1.27E+18,fredtx92_#0,darmawan_sannu
1.27E+18,tayloltrolls0208#0,princedezko
1.30E+18,femicide0198#0,dashie0607
1.29E+18,thomylaurenti0188#0,darrenespnto01
1.28E+18,scarmerch_#0,baselinerecordx
1.28E+18,justwnc0134#0,bajafpsiup
1.30E+18,healies.#0,lowe_naomi
1.30E+18,darkboy08454#0,kerisnarendra
1.27E+18,badpanda0603#0,dalbanflores
1.27E+18,marannatto0518#0,junk3256
1.30E+18,gumastergrean0437#0,dina_hvintage
1.29E+18,natilar_#0,sebastiensimo20
1.28E+18,dingleheimer20582#0,elisherdianti
1.29E+18,eelswithfeels0508#0,nathaliarayka
1.28E+18,shiasaz0992#0,doneyjack
1.30E+18,nattas0418#0,hello_pija98
1.28E+18,kaskaderporno_#0,jono_nagel14
1.28E+18,bigdaddyfatsak0103#0,alajmi_deemah
1.26E+18,otmerzenb0669#0,Marruiz07
1.26E+18,zaynethebest0828#0,mikah_carlesso
1.26E+18,weanlinboof0192#0,AnimeKawaii_Moe
1.26E+18,blueskyclouds0262#0,rokettube_porno
1.26E+18,bjorkit0996_10219#0,solidjulia_B
1.26E+18,paulomatosarc.#0,mannzai22yu
1.26E+18,thunderchief0666#0,UpiSufi
1.26E+18,sigrid0136#0,simbolon_ratna
1.26E+18,playergamer0598#0,MarieReynette
1.28E+18,krashxzx0245#0,gossiprpgdant_
1.29E+18,noraji0451#0,slamjamturkal
1.30E+18,inside52_#0,baseballchiyu1
1.29E+18,snowmn0409#0,kid_tats33
1.29E+18,adkorn0647#0,aneesamalik5
1.28E+18,foresty0054#0,amansuel
1.29E+18,mysterioushellpmf#0,fenerli_gg
1.30E+18,killsnakeman_#0,marialm_miss_1d
1.27E+18,ho1ydiv3r0247#0,dhooomyalmammry
1.28E+18,tserriednichhrl#0,chloe_w_123
9.28E+17,aphin0297#0,awilda_joy69077
9.73E+17,bked.#0,BessieLeon44123
1.21E+18,firerainn_#0,Disemvowelj768
1.21E+18,westen6ff#0,bowstars101
1.21E+18,vergrel_#0,Villanuevafuts
9.50E+17,vxgu9oz7dadvant#0,JErminia47724
1.21E+18,linternet1_#0,jg94X5JS05qYXMO
1.35E+18,sunnysky0895_24342#0,Oliver13158
1.26E+18,xuaxaipleto_#0,Kaitlyn_lewis15
1.26E+18,proletariis0560#0,paeru123xxx
1.26E+18,arctikman_#0,young_hb23
1.26E+18,distaneywu#0,SyifaNurhalizaD
1.26E+18,oqican0101#0,TakeoffMusiic
1.26E+18,gugulama0863#0,SouRhauany
1.26E+18,envivius0109#0,QuotesniB
1.26E+18,hunter2306409#0,MikukMiku39
1.26E+18,silvercarno94#0,SahbazOguzhan
1.26E+18,godzillaguy45#0,KimJonginWifey
1.26E+18,chaosvalentine0698#0,XicoFts
1.26E+18,brocoo0360_11503#0,1414Zafer
1.26E+18,knightofnight0044_87985#0,ikomake_bot
1.26E+18,verudra0990#0,IbarraMigdali
1.26E+18,meltdown0435#0,shauni_lucifer
1.26E+18,bigamesh0966#0,lemonrio0813y
1.26E+18,ryzoma0020#0,ArTujuhe
1.26E+18,ac1dh0use0028#0,citraQornellia
1.26E+18,dantilop95.#0,jasmine_newnew
1.26E+18,offcut0109#0,ayla_zhe
1.26E+18,greenstranger0207#0,SwaggDewayne
1.26E+18,powercell0852#0,Dj14Jeronimo
1.26E+18,terrodoniso73#0,nettyn_djt
1.26E+18,avalar0018#0,ShawtyMarlen
1.26E+18,ryuniir2b4#0,GeneTemples
1.26E+18,trktyme14__92735#0,javiermohedano9
1.26E+18,cherryjelly0183#0,nanakoKisMyFt2
1.26E+18,hufert29#0,anies_narsiez
1.26E+18,starblaster640207#0,cyrly_wyrly
1.34E+18,canyounotman0568#0,xrtjt23595495
1.33E+18,variacik0267#0,zobnv19328486
1.33E+18,pandao0101#0,akyju63241728akyju63241728
1.33E+18,arentes0352#0,zqfrt36874366
1.33E+18,podnajranskiy0565#0,zgtwq71489131
1.34E+18,cakelab0649#0,ChelsieAlv14595
1.33E+18,kaordez0223#0,tsmjg71884477
1.34E+18,atilatr0651#0,tjwap86644828
1.34E+18,zortaxx0241#0,KaylaS89074
1.33E+18,jhhgbkhiuftchj0060#0,DNilsa12179
1.34E+18,policeto20197#0,aida5029
1.34E+18,flankydeanayp#0,salihkale190552
1.34E+18,rafouni.#0,indah_20010710
1.34E+18,dainbramage0522#0,mokan321
1.33E+18,bunthy0509#0,m93madridy
1.33E+18,marecze0002#0,MaurogodoyCarp
1.34E+18,alexisbzh0061#0,HawramyHama
1.34E+18,askile0856#0,putri_imell1
1.33E+18,mrnikolaichik0658#0,n_s_1406
1.33E+18,yukev980549#0,tiwiismunanti
1.34E+18,raioextreme0523#0,sergio_fake
1.33E+18,pytelsonn0492#0,ReloviaShop_
1.34E+18,palieux0593#0,orukusu_giru
1.33E+18,excalibist0608#0,Ucup_Pichichi
1.34E+18,reemuxx0247#0,Ririyehae_han
1.34E+18,rajoki0778#0,pkmn238
1.34E+18,rewcrew0850#0,nene_jpp
1.33E+18,hodenschwinger0508#0,PolloForevi
1.34E+18,redefni0074#0,vanny_mutia
1.33E+18,skynight0098#0,saraycolorado
1.34E+18,lybrant0713#0,Rihopeeee0516
1.34E+18,spongeyetagain0501#0,MemePppp
1.34E+18,wextor0977#0,Lizaners_PLG_
1.34E+18,ercan690588#0,KieranJayJay
1.34E+18,masteryte0046#0,sasaramdan
1.34E+18,sovakek2sv#0,yuna1richi
1.34E+18,meemix0018#0,NanoYumyum
1.21E+18,siders0962#0,RMertie96981
1.21E+18,baidudes.#0,CherrylLas1469
1.21E+18,wolfboy0308#0,JRaguel36758
9.40E+17,gorbako#0,WIXgjMd211o7Bsj
1.33E+18,killergamer0481#0,OHandmade
1.33E+18,birdyboom0888#0,shosho16m
1.33E+18,drunkerson0686#0,PatoParodi_Team
1.33E+18,daggindeznutz0399#0,mami081320004
1.34E+18,cesargaming0253#0,kesa_jos
1.34E+18,futuresource0637#0,rivagibrani
1.33E+18,preedy0439#0,moe_torisawa
1.34E+18,ursugrizzlyf50#0,Dusit_Phuket
1.34E+18,doctorwizard0783#0,wwwMuhammed0971
1.34E+18,sxrdxr0797#0,devia_lov
1.34E+18,londongunner0416#0,yoselin4947539
1.33E+18,adsteck0386#0,NamiraAzani
1.34E+18,darthoul0730#0,Davi_Mahardian
1.34E+18,ezrunnoob0951#0,nfzzo
1.33E+18,nayser0180#0,mori_rock7592
1.33E+18,diaset0514#0,YsmariNatha
1.33E+18,justfranciscog0697#0,illtweetuout
1.33E+18,m1ndroid0322#0,_phan2
1.34E+18,hubbatrixx0337#0,sazan4drs
1.34E+18,bleuxstrife.#0,Desy_Weye
1.34E+18,yassinplayzyt.#0,nasu_ouentai
1.33E+18,doritosmarine.#0,lami_meong
1.34E+18,oreoman0918#0,XiHnof
1.34E+18,cybershot0994#0,youta1289
1.34E+18,martindolme_#0,almannai501
1.33E+18,fabjack0870#0,Ayano19931226
1.33E+18,rosamunk_#0,hm151067
1.33E+18,xarman0422#0,Pratama8I
1.34E+18,sirtwinzz.#0,yuki111512
1.34E+18,icream0118#0,riki10242
1.34E+18,mrgeorge0739#0,tiaraamay
1.34E+18,andjinn0835#0,Luv153S2
1.33E+18,juvini1s0642#0,mali_hasan
1.34E+18,ghoxis0838#0,110128Mai
1.33E+18,michauu110766#0,sia_mell
1.33E+18,hyperl85.#0,zpan_nadya
1.34E+18,behelzibub0578#0,volleyball623
1.34E+18,segatoz0288#0,i_6908
1.34E+18,muphenman0006#0,putt_deejay
1.33E+18,casually0984#0,0962Wow
1.21E+18,energyrisexot#0,LeannaNumb96567
1.21E+18,dwezzle_#0,AgustinaNe9257
1.21E+18,cenaya.#0,GJacqualin90629
1.21E+18,mylone0660#0,breana_mil50819
1.21E+18,karveit.#0,DorettaRen59567
1.28E+18,nardel0844#0,69Ibk
1.30E+18,richardon0492#0,advan_www
1.29E+18,pandaonprior0298#0,kkk200012
1.28E+18,senseiguapo0406#0,sheillalisandra
1.29E+18,setzeurna0378#0,edaecef71796797
1.30E+18,moonbow0430#0,ferroaden1
1.29E+18,sirp1zza0421#0,OfficerMawan
1.30E+18,ionutnoob0750#0,dianamariagar11
1.30E+18,danlux0391#0,_Anastasia_98
1.34E+18,hannibalg0d0683#0,LilisNurindahN
1.33E+18,svindie0485#0,seupau_lo
1.33E+18,kaauer0431#0,uminatrah93
1.34E+18,masterg0797#0,Fitri16327550
1.34E+18,berion0714#0,BreynerAntonio
1.34E+18,r3allex0203#0,run212_taniatsu
1.33E+18,srfaso.#0,ridwan_houten
1.33E+18,tiddygoblin#0,uteuteyyy
1.33E+18,myawesomebeard0931#0,hiromichi0913
1.33E+18,zylonz0384#0,tainaCoimbra_
1.33E+18,roborse0189#0,pini_619
1.34E+18,theghostlost0768#0,amber_6501
1.34E+18,grayfox13x0560#0,Laila_k_jones
1.33E+18,dablue0317#0,west_tomo071
1.34E+18,lukario00828#0,mimu_ci
1.34E+18,blacklilith0024#0,srhyrachmawaty2
1.34E+18,duzlieben0455#0,grinaliagilda
1.34E+18,sh1g1ttoro0283#0,deanJAlove
1.34E+18,reikaz0431#0,kyaosu922
1.33E+18,slothio1m#0,vitinhospedd
1.34E+18,doggydadoggo_#0,Shoosh1414Www
1.34E+18,arpanyoung1rl#0,kikirizkyhunter
1.33E+18,bootydfq0180#0,eikou05280528
1.34E+18,sympheg0064#0,Ntombi72343294
1.34E+18,miton3.#0,pao10200097
1.34E+18,finndarr0072#0,jmoncs1999
1.34E+18,alinutza0427#0,assaf0553
1.34E+18,tristium0178#0,20001101haruka1
1.34E+18,acewing0016#0,alanyaLgbt
1.34E+18,kiyoship0262#0,rayyoga_panges
1.34E+18,onieldonates0709#0,joojoo750
1.34E+18,firekirbyelite0960#0,AisyahPutriZahr
1.34E+18,mountin10_#0,MRezaFirmansya2
1.33E+18,filetillos0551#0,many1157
1.33E+18,tundragx0607#0,Omarzuniga75
1.33E+18,tituss0648#0,asou2285
1.34E+18,blastphamoushd0582#0,ABER48382674
1.34E+18,jjongsaebyeok0604#0,yuto2000822
1.33E+18,xenogeo0080#0,m_guy1
1.33E+18,isograd0145#0,rizkydesta
1.27E+18,teknein0889#0,firedig45
1.27E+18,gpofficial0368#0,claudiagomes_30
1.27E+18,macacoceta#0,Alilou725
1.28E+18,erdoefendi#0,splacke
1.27E+18,pxflow0069#0,Tunk_22p
1.33E+18,shorty07794#0,tnk85861124
1.34E+18,sekagami0594#0,Ali1236004Cc
1.34E+18,deviousunicorn.#0,slom2001202
1.33E+18,fraanmalvz_#0,Donald_19340609
1.34E+18,doge0king0513#0,k15111224
1.34E+18,no6ody0496#0,molke41204506
1.34E+18,balagun0510#0,hudh_mutl8
1.33E+18,makko60995#0,boy314355
1.33E+18,uvaldo0225#0,Natpezz19
1.33E+18,exzenosis0488#0,dy_020112
1.33E+18,vanilix0861#0,masapon19990508
1.34E+18,markeshkin0899#0,29shym
1.34E+18,critmstr0085#0,ex240621
1.33E+18,blackmart0853#0,FtoomFtoom1234
1.34E+18,melxnie0247#0,sr_ordo55
1.34E+18,some1else0834#0,0621Misaki
1.34E+18,nurnur0198#0,UnicoMotivoNx
1.33E+18,dennosan_#0,sasaki070626
1.34E+18,darkxshadow0216#0,0119aoiaoi
1.34E+18,nimbustgx0097#0,rachiethompsonx
1.34E+18,hongonuclear0452#0,asasas8651
1.34E+18,crabbyobke#0,shonan21221006
1.34E+18,flybensiin0679#0,Miri20010618
1.33E+18,sydacy0101#0,poooh_pooh
1.34E+18,chckeey0665#0,soni_sonisingh8
1.34E+18,schnuksitv_#0,yu09070907
1.34E+18,thecrazyname0800#0,Realpedro2011
1.34E+18,adrianthecreep.#0,emad55181559
1.33E+18,annoyed0381#0,syamataro1267
1.34E+18,lordwiader0845#0,NouraVip199199
1.34E+18,thekingpear0186#0,runa_0722
1.34E+18,evaniel0414#0,rienrezharhie
1.33E+18,amylandra.#0,Yoga_Tralala
1.33E+18,oceanmir0097#0,1020shigeto3
1.33E+18,w4bbit0848#0,00000000ayuy
1.33E+18,denishnerd#0,_SoccerGirls16
1.33E+18,justwazza0776#0,NewtonXiom
1.34E+18,evilserge_#0,050604Hikaru
1.34E+18,noodmaster690021#0,MH_19042011
1.34E+18,silencio09365#0,saadss1666
1.34E+18,synapsiz0306#0,youta20010713
1.34E+18,xilambila0626#0,naader_9110
1.33E+18,trizeu0510#0,3dai511
1.33E+18,programpro0343#0,ruri_0818
1.33E+18,hennesy0487#0,yuuyan1024
1.33E+18,krakenman0615#0,SudeNur50680696
1.34E+18,gabermeister0109#0,yui1108yui2
1.27E+18,pipoco0615#0,vinicius_med
1.30E+18,cassyote0915#0,peglynnmiller
1.28E+18,sadiethetiger_#0,Tullips15
1.29E+18,feralvickers0741#0,OC_414
1.28E+18,dacosmic0015#0,BCsnowguy
1.27E+18,zeroenitrand0020#0,prasanna831
1.30E+18,stupidsquirrel0618#0,roeleveraars
1.28E+18,actares0268#0,ricster2000
1.27E+18,midwerin0528#0,Lindamaltez
1.29E+18,samyapt0112#0,biancastefy
1.37E+18,gidisonline#0,@rejoice_ad23864
1.33E+18,blyapizdec0027#0,j_janoudujardin
1.34E+18,pozhiloidyadia0871#0,sintaismaliaaul
1.34E+18,kinqaptain0085#0,acb5453
1.34E+18,kenlele.#0,loloalghamd
1.34E+18,allisterd530388#0,paluko_5296
1.33E+18,gibson00399#0,Yuu20000153
1.33E+18,dranky0205#0,soccer0911024
1.33E+18,themartcraft0008#0,mama18052003
1.33E+18,kilometer0279#0,abdian737
1.34E+18,sempii0934#0,muskotkotatua
1.34E+18,novacforme0894#0,tany0536317780
1.34E+18,timbold0143#0,Paola_210114
1.34E+18,morafam0454#0,oh_jun___
1.33E+18,jarkubsd4c#0,disney19950510
1.33E+18,swewolfie0157#0,nanaminlove0513
1.33E+18,sp4cew0rm_#0,sayuri116732
1.34E+18,skilldoga0590#0,delvis753124
1.33E+18,hofaberger0423#0,kwishbrook
1.33E+18,saileo0394#0,hmd201061
1.33E+18,cptrueno_#0,M7md959595
1.34E+18,dolskin0275#0,TheSmexyBieber
1.34E+18,avenexalea_#0,Wesam96107058
1.34E+18,tominairina73#0,nwaf20727367
1.27E+18,nicknistro#0,45870
1.28E+18,kilomo0144#0,largit0
1.30E+18,icespade0124#0,MacAindrais
1.28E+18,j1ng3r6fi#0,apuolo
1.27E+18,alexei06186#0,bacadosa
1.30E+18,osigroup0532#0,annemariedrong
1.28E+18,mhmdshekho0260#0,munerae
1.29E+18,irinashayk0942#0,AlastairJMurray
1.29E+18,harigatou0183#0,aextranati
1.33E+18,putman0291#0,hi_na_no101018
1.33E+18,dafunk0294#0,tomomi000817
1.34E+18,kigagis_#0,Icha02091997
1.34E+18,floodedolive10763#0,RRukachann
1.33E+18,merkurii0894#0,Rbk19_04
1.33E+18,shini970284#0,joojee333
1.34E+18,angelazinha0361#0,ma07722900729
1.34E+18,deadzesk0417#0,saleh505_relax
1.34E+18,onlyflans0287#0,Yulindha_011096
1.33E+18,grandvox0530#0,saad12345766
1.27E+18,lewandr0522#0,amerdassi
1.29E+18,quaderb0377#0,marcohum314
1.30E+18,oldplayer0725#0,ayda79
1.30E+18,bigver0871#0,KABUKI314
1.28E+18,siilny0449#0,bago4u
1.28E+18,warpar0819#0,gavinburton202
1.29E+18,orangemint0496#0,strawberri1575
1.30E+18,liltomas0957#0,dopez25
1.27E+18,rirugen0429#0,sugarloafalpaca
1.28E+18,hdarkseer#0,1974lynn
1.28E+18,daleovinci0833#0,EscabiaMiguel
1.28E+18,darkhorse0524#0,ChahedGamoudi
1.30E+18,gregore0415#0,will_ahmed2890
1.27E+18,prototypehype.#0,FlutteLea
1.29E+18,mediogamer.#0,katieyeo1999
1.30E+18,fallenhero260369#0,lebry_murielle
1.28E+18,lemongrab09244#0,rfa2017rffaa
1.30E+18,kotindi0681#0,nathaly_2003
1.29E+18,billsive0711#0,AydenHowe2013
1.30E+18,snakeghost0143#0,PGOD15
1.27E+18,abigudu_#0,DellepianeMar
1.29E+18,accretion0898#0,1101_arisa
1.28E+18,scamtestpikas0883#0,ChristBurkeRP
1.27E+18,hokchris0090#0,athena2001x
1.27E+18,axseroth_#0,BAGSBirstall
1.29E+18,jisooya0199#0,yujiota1026
1.27E+18,hellzballz0192#0,R_oman_e
1.29E+18,arnout0535#0,AndresKrexo
1.27E+18,ironklooper_#0,IpitMpit
1.29E+18,gorgata0982#0,Meli13Ponce
1.28E+18,rainpulse0947#0,OrganicSmansa
1.30E+18,tazsuna0001#0,eri_tatsuya
1.27E+18,ragnar0s0305#0,Mau_Santos3
1.29E+18,tugadsr.#0,JoeyL98
1.28E+18,flanaticcsr#0,cindy_valen18
1.29E+18,themayjor0172#0,ArgonMijdrecht
1.27E+18,kpubopykui_#0,sayle92
1.27E+18,antitcb0718#0,williamcore123
1.30E+18,stywars10290#0,RisandyLaskar
1.28E+18,b4rb0meister#0,AAA_kouki1105
1.28E+18,bloodkillah0822#0,ayhu_asniar
1.28E+18,dranikon.#0,donachan_suki
1.27E+18,exbajalator0674#0,Deeh_46
1.29E+18,fartek00294#0,marcusxpe
1.27E+18,chaostardust0610#0,siisca_soniq
1.29E+18,livienn0360#0,medcezirhayran1
1.28E+18,geguthekid.#0,rizky_serenade
1.27E+18,evilsay0997#0,fashion21006670
1.30E+18,rootkit69_#0,jgmarais1
1.27E+18,screnys#0,Skipp_Artist
1.13E+18,garry2224#0,enthusiast_96
9.52E+17,space_traveler7#0,spacetraveler23
1.21E+18,tanipon0315#0,MShaquita98666
1.21E+18,grammerman#0,RosinaTiju29131
1.21E+18,redbaroonbr#0,KarriGita44226
1.21E+18,zernexa_#0,guilherme120400
1.21E+18,travnks.#0,MrBlonde945563
1.21E+18,kinsen0910#0,mostafa67737501
1.21E+18,randingo0439#0,diassis12345oli
1.21E+18,luxuwu0850#0,saramartinezpe1
1.21E+18,theta4four0767#0,TallHoney120506
1.21E+18,geszti_#0,hissatowa108
1.21E+18,bakoon0687#0,2003_liltrooper
1.21E+18,supamario0394#0,KillerInst74578
1.21E+18,malone090593#0,arlaoctavio
1.21E+18,chattydash_#0,Wolf35875235563
1.21E+18,shekyaboudi.#0,chainsawbali_gc
1.21E+18,oggin9_#0,g_peterrome27
1.21E+18,anal4ek_#0,parkerhand21
1.21E+18,adexonas_#0,rebeccatc4
1.21E+18,gongindog#0,psychotic87823
1.21E+18,kidproton_#0,TopClass310483
1.21E+18,holsett_#0,Terminator91312
1.21E+18,nofries_#0,Aspect1183906
1.21E+18,shilez#0,Delusional95747
1.21E+18,titties0530#0,paper57859
1.21E+18,assclapicus0536#0,ComboHoly69829
1.21E+18,gelija0169#0,FifthHarmo24332
1.21E+18,kaboom36.#0,Dexter153075885
1.21E+18,fullychess_#0,seppecerbone193
9.31E+17,c5cy23ymr#0,laurenhaley32
1.03E+18,taiwo6006#0,TaiwoOluwapelu9
8.54E+17,valeetttt#0,Artem10197375
9.59E+17,mgs46i9m2#0,GaliUdabe
9.58E+17,m93tdd3n68gpd#0,GuuhBiebs
9.58E+17,agmohgx83ih#0,Edneudolima
9.37E+17,liamndapp6279#0,faisl_777
9.60E+17,241fop87o1230#0,JavierNegroMarc
9.36E+17,ali19957546#0,evasefue
9.60E+17,thepossessed_bot9174#0,IRyeham
9.44E+17,to9niir5301#0,DalrympleJen
9.45E+17,z9pzi55dj2#0,tomii_haryoko
1.12E+18,.vladkor89#0,Vladkor55
7.51E+17,tsxbox#0,supirimalla
9.59E+17,pgusrnw5odb76800#0,arishee
9.59E+17,9h8ryq15al8447#0,Delena_NiBir
9.60E+17,thepossessed_bot6608#0,JuanCarossino
9.45E+17,985by267dvd#0,_BritishBoy_
9.60E+17,63fj4eskjh7869871#0,camppos_andre
9.45E+17,rodrigobishop4057#0,DiegoValTur
9.45E+17,yuctcifcqh9228#0,JorgeGD96
9.59E+17,jonesebony0847#0,Crowbotical
9.58E+17,duhast7723#0,___hkhk__
9.58E+17,bes7aj0boj1558#0,Bambi_nami
9.59E+17,nkaqwlsl09828#0,SAboshogalenazi
9.59E+17,ah2qcvataa7g93742#0,YahGngr
9.60E+17,n0x3kfyq50583#0,QeeelSiilva
9.44E+17,erica0347124#0,heliomypik
9.59E+17,90q4tq7elp8348#0,21Timmer
9.60E+17,ydqbi8vd46qqu1272#0,xKusjeLauraax
9.59E+17,4lje69ksekd09332#0,shake94x
9.45E+17,amariwalters6366#0,denusandler
9.59E+17,lyy3gxfbtqkz3581#0,Luuanba
9.59E+17,irvingshorter#0,Lizafallinlove
9.37E+17,tootoo1830#0,jxthefeeling
9.58E+17,czwt90sq0k#0,Mariiluh_cabj
9.58E+17,710h9uznev2936#0,azooozy555
9.59E+17,bwk6qh69lyzf6728#0,carolineboudarg
9.37E+17,mini772413#0,debbystampy10
9.58E+17,contacthype1642#0,johnmiranda98
9.45E+17,x6v1e8qt8k4933#0,ydahal53_yasmin
9.59E+17,6his4vchlddxr2982#0,halitahalz
9.60E+17,thepossessed_bot6216#0,monique81618405
9.60E+17,cryptopump3591#0,hathal1122
9.58E+17,tkwownp20d99t0555#0,kihdsteez75
1.03E+18,xbfpojaguc4813#0,nenyuc7
9.60E+17,cryptopump8079#0,irmanuriska2
9.59E+17,cvzs12t0tw7s2039#0,kakaerwin1
9.45E+17,marcupilami.sol7746#0,hearts245
9.60E+17,bwn11waph9631#0,guidoditullio
9.60E+17,celestialsynaptic#0,romanodaniels
9.58E+17,animefan0049#0,Chicklets99
9.58E+17,2bee3zjpnn3006#0,AnWapo
9.60E+17,zvvuc66n98b6051#0,stormieverett
9.37E+17,russellyookorunner8266#0,Ruben300698
9.45E+17,az4jctirgk9fj6225#0,isadbieber
9.60E+17,pfeu9euuhd8612#0,Alexeitri
9.59E+17,tomwilson5984#0,andrew96s
9.58E+17,oaydxawfn7943#0,Canarios_Jaen
9.45E+17,sumayyasanderson9407#0,A0_0G1
9.60E+17,4puo73g173993#0,nickbuxton12
9.60E+17,xdnzdzqiialdw3101#0,ia3545
9.60E+17,thepossessed_bot7699#0,21wanderlust
9.59E+17,kam8atusle3320#0,SayBoriel
9.44E+17,bqopsal4934#0,Nahdyalarasati
9.59E+17,disysatr7583#0,rismaiw
9.59E+17,smwmlkhy14b186268#0,moepaper23
9.52E+17,9tgspnnc40w6012#0,claaudiaa_98
9.58E+17,av6z6k70sjbcd4855#0,LipsticBritt
9.58E+17,ve6ylxevb153407#0,1D_hipster_plis
9.45E+17,zv4fw4cxmhrlz2691#0,taylorcody3
9.58E+17,7p1a3d08k#0,afitrianih
9.59E+17,coocki231809#0,quilla06122010
9.60E+17,ai9pi7f2b#0,maxgonzalezc
9.59E+17,asjsggqoagka40172#0,96_shosha
9.59E+17,r9zqjkfx1ede2751#0,muhammadreza_12
9.60E+17,thepossessed_bot0426#0,cristinacarter3
9.59E+17,8o017pdb62qz01316#0,DiZa5TeRxJungle
9.45E+17,lexdeacon2550#0,micheala_baller
9.44E+17,r8e50dp50u7595#0,shoutmayday
9.59E+17,dinter7117#0,farahaida30
9.45E+17,ybg73gua2ha49656#0,pao_isis
9.46E+17,samara0280#0,yolofish1
9.37E+17,scrue5094#0,kbug_2
9.59E+17,i5ae9nkjm8304#0,Greyviis
9.43E+17,purpledr8945#0,ninzatnina
9.45E+17,alexxer1485#0,ginaa_xox
9.59E+17,wuddiy2624#0,Amanda_Co13
9.10E+17,me9713#0,mrezajafariyan
9.60E+17,9cjvryjybk7q8820#0,__kjbb
9.37E+17,ll88zorinlfc7462#0,AmandaMartine97
9.60E+17,e9eleibu2#0,tiguizmo
9.59E+17,jcu9nrpr8c50023#0,maisalati001
9.58E+17,2j0wvj0wn7231#0,canyoubelieved
9.58E+17,n26cnl53q7v0573#0,eduardzhito
9.60E+17,thepossessed_bot8966#0,devin_marcella
9.59E+17,gundhumwife9349#0,glentuner
9.45E+17,29i3nv51syr0723#0,devi_azraini09
9.60E+17,alekha8yae8e4079#0,raquelbll
9.36E+17,qr31d6visax307936#0,Bieber_justin45
9.45E+17,spt4pu2pz#0,ishaam_hill
9.45E+17,1wtfsddjahn#0,NubiaTavares5
9.45E+17,6oivy7zk4awd#0,stefany99563780
9.35E+17,w4ns6ef7842wo9950#0,NahnahBaloch4
9.45E+17,dhtjf7g8u7nrs#0,kotomi03305103h
9.45E+17,w5bekwoh0eile#0,_lastrajoli
9.45E+17,11jqkc0vk9#0,NiithaaThalia
9.44E+17,7ziizqpgjd#0,robernallozano
9.37E+17,x78mkhiaht1a#0,mcpedrinhofc2
1.32E+18,kiranris0491#0,toktak123
1.33E+18,thedrunkenbear0506#0,SNindyoastomo
1.32E+18,katayvatu0431#0,Senaku8
1.32E+18,hackerr0660#0,Noe0412Kina
1.32E+18,kalejdoskop_#0,SeptianIndri
1.32E+18,kissen0116#0,ruidielly25
1.32E+18,tastingo0636#0,N_KOYO2525
1.33E+18,niking0253#0,smright053
1.33E+18,welevki0216#0,MorganisSa__
1.33E+18,akridx0085#0,Emidio1177
9.60E+17,gba6yblzri0125#0,A0_0G1
9.59E+17,gzsjlfx1d7ud9294#0,miryamferguson
9.60E+17,zhst6eij95g9701#0,bradoxwiemer
9.58E+17,dal2lgu51oez6430#0,nastichkkkkka
9.44E+17,konkav6820#0,IePape_12
1.32E+18,thetemplarpmw#0,ywofm18311156
1.32E+18,wildbill07521#0,qpsnl48994941
1.32E+18,hypoex_#0,young_rello23
1.33E+18,frozenpanda0391#0,ShanelAlic99529
1.32E+18,levaniko09102#0,vuxrh11997149
1.32E+18,dritch0936#0,gaunw47592656
1.32E+18,dachipser_#0,ykmlk88211287
1.32E+18,skeloc0198#0,ucubo63379626
1.32E+18,syokhann_#0,caitlansquires
1.32E+18,salavat06104#0,prlkn82721664
1.32E+18,redhan0401#0,acmqz29799321
1.32E+18,asstastic0441#0,orfhs35373197
1.32E+18,nurulean0637#0,tdqzm99965488
1.32E+18,neutrem0718#0,BilgerClaire
1.32E+18,hildegar0198#0,AAchoudhury
1.32E+18,fiidukpta0212#0,lelydian1
1.33E+18,nast1sz0778#0,Sangdewi8
1.33E+18,ahmaneiy_#0,ZhafrinAdiriah
1.32E+18,juice130414#0,pritypumzy
1.32E+18,neewed0272#0,azv333
1.32E+18,b1tuc4_#0,BB_Mookiie
1.32E+18,damsenn0488#0,SaiskiaBlanco
1.32E+18,calentito0471#0,LuisPisu
1.32E+18,eldengeir#0,mi_miftha
1.32E+18,vinckarter0437#0,Yousif_1999
1.32E+18,osborn0054#0,richy76valenz
1.33E+18,cheung0680#0,Rafilds_Mariana
1.32E+18,codename470797#0,babytiger1111
1.32E+18,keptxn0567#0,Nandarlina
1.33E+18,swarshik0425#0,VazZach
1.32E+18,blaatmeister0044#0,mynameisjeff191
1.33E+18,igorian08511#0,KacyaMara
1.33E+18,gabenisjesus0103#0,Jareth11Ju
1.32E+18,strfido#0,Mohit1998Mohit
1.32E+18,d1lekt_#0,1224nReon
1.32E+18,kungglass0257#0,Godfreeey
1.32E+18,tearahnee0991#0,maro2003_maro
1.32E+18,osiris0217#0,MariadrzJose
1.32E+18,chanasak0099#0,nitinkumar1989
1.32E+18,hellmo0681#0,luisa_lemus
1.33E+18,john060457#0,MitukiY0610
1.32E+18,danigrilo0077#0,meryemsanl
1.32E+18,cordarius0106#0,joolins1997
1.33E+18,verizon0376#0,erdem1907fener
1.32E+18,reyzumba0754#0,Andriano_Jose
1.32E+18,andrewkorus0630#0,ZPatrica26004
1.32E+18,saltayi0100#0,LArletha31785
1.32E+18,sondris0372#0,CordiaNena90956
1.32E+18,tweakracer0428#0,FCordia8338
1.32E+18,slapboxer0399#0,viniciussenna8
1.35E+18,theraflu0215#0,darwiztandnovhy
1.35E+18,truckcena0027#0,SalmaAmwer
1.35E+18,darkgrandpa0902#0,herry_zamzuri
8.30E+17,founder197#0,founder197
8.54E+17,hash0x#0,hashcoin0
3.59E+17,frankrx15.crypto#0,cbfrank110
1.37E+18,yhfrightenikg#0,@iuqaisamx43415
1.37E+18,qnmadelinenik8714#0,@jodhaomsingh
1.37E+18,hfloyal42reorganizat#0,@hinzerhm684
1.37E+18,jewellhaley69ww#0,@g5run52608m3m
1.37E+18,sigmundhilll35qy#0,@JezzelPeralta
1.37E+18,arnoldsanford34bx#0,@owasoliman11
1.37E+18,nkshady34counterpart#0,@lailaloovtan
1.37E+18,wpshady25eyeballrs#0,@wormannbernard
1.37E+18,wtdameona1815#0,@putrarm69
1.37E+18,lnflashy51misreprese#0,@SeenuhBucks
1.37E+18,braxtonwalsh12py#0,@alitfauzy
1.37E+18,ocindestrurn#0,@fffullofmyself
1.37E+18,mzpsychicsurcqe#0,@julid51
1.37E+18,sistale96activistph#0,@h0V6Sl8VYnB137
1.37E+18,tatyanagreenfelder37#0,@trantrungtoi
1.37E+18,tpfinished64residuej#0,@WackyCarigma
1.37E+18,dvdry12jumpertt#0,@hfjdosks
1.37E+18,vradversevivj_75308#0,@nahellyk
1.37E+18,sqalishafran5586#0,@Chetrydipak0000
1.37E+18,mhbarren60reprocessi#0,@quynh6151
8.93E+17,dualupa.#0,BrandyNotForKid
8.94E+17,rexa302#0,rexa302
1.24E+18,francio88269#0,v_vertuan
1.25E+18,meatchip1395241#0,tantri_nona
1.25E+18,blackstar2662234#0,JoelleMary14826
1.25E+18,frosbyte46398#0,MarnieMikk21122
1.24E+18,stormstate97607#0,IdaNickie61687
1.25E+18,otakusenpai1691#0,RolandaGer6145
1.24E+18,vlad03214661#0,LaneLavern85181
1.25E+18,pieninja712722864#0,tkwakili
1.24E+18,mr.foxy3031#0,nickjerryjona11
1.28E+18,juniper3223#0,simplyasian17
1.28E+18,apearsy4950#0,JulianA18293575
1.24E+18,spetsnaz86608#0,CasieIleen73802
1.28E+18,alvalku2280#0,LisandraBe89065
1.24E+18,hdawgboo14261#0,CherieJoya
1.24E+18,ikutabikdu91912#0,BillyLaver81320
1.25E+18,fluffyfatuus48066#0,nell_talia87057
1.24E+18,phiabunny83466#0,Shella20479607
1.25E+18,copperdex83410#0,joya_shay70094
1.24E+18,lumanona5534#0,selina_gin27462
1.25E+18,alpha_cja45491#0,Jessica49862474
1.24E+18,blueblitzer57415#0,AGaynell58165
1.02E+18,calman666#0,calmanzeng
1.25E+18,joebreezy39067#0,TenishaHie39171
1.25E+18,gemevolution4734#0,MirquelloRanyy
1.24E+18,mackseatgaming84920#0,fam_boki
1.24E+18,confucious37382#0,young_jane66287
1.24E+18,incognegro75520#0,DeirdreZel30349
1.27E+18,liliande5371#0,guerregrao
1.24E+18,nawaf50548433#0,GeorgeChar54329
1.28E+18,baz_b996497#0,JTwanna98899
1.25E+18,legendx50810#0,HMarchelle67301
1.25E+18,saswatmohanty40728#0,AnnDavis429636
1.25E+18,theacex87012#0,LeanneKath45117
1.25E+18,eipyknip8670#0,MelissaMor14114
1.24E+18,chee_dev3876#0,KLoralee23859
1.24E+18,yuval160593475#0,maribeth23222maribeth23222
1.25E+18,zachdabold9678576#0,SookLuis83514
1.24E+18,diplodankuluskid57892#0,EbonyB17279
1.25E+18,hoursofdarkness30627#0,MairaMarie43459
8.52E+17,keynes666#0,keyneszeng
1.28E+18,bossgodliko4309#0,DawnJones260459
1.25E+18,corvectal11794#0,MorganErin64514
1.28E+18,cody_banks5999#0,ValentineR15438
1.25E+18,superpeeks76087#0,PokTanja28322
1.25E+18,bodyfeint37696#0,KatieDonal64271
1.25E+18,atticusis1059617#0,TinaMarque73849
1.25E+18,kendyfishy83206#0,JoelleKris31257
1.24E+18,alphawulf4lyf79304#0,BebeLanora65282
1.25E+18,arkaivs20713#0,GwynethJa18000
1.25E+18,macedonianboggi43947#0,delila_sha56523
1.25E+18,white.mym78762#0,NanaSung249297
1.25E+18,captainpotato86478#0,FMyrtis55267
1.24E+18,angel_dust38880#0,LiviaCelen5255
1.24E+18,chocolatez67064#0,maribeth8167
1.24E+18,riptidesan50335#0,XGrayce48850
1.25E+18,oddieowl20714#0,MerilynMan65311
1.24E+18,braysonisalone.97782#0,LenitaNiki22113
1.24E+18,bellerophon1349269#0,ChelsieV65648
1.24E+18,steltic68377#0,CythiaIda85077
1.25E+18,mamushkadeath47573#0,kyle_shae34823
1.25E+18,czlowiekdemola71589#0,KendallDes88259
1.24E+18,k3rm1t.4823#0,ViolaMagda72954
1.25E+18,mayflower772831652#0,tobianonwachukw
1.25E+18,kiruyxan57513#0,JannaElsy96667
1.24E+18,robloxsex69812#0,ZelmaEstef68178
1.25E+18,ninjademon81699#0,rmustika122
1.10E+18,jingsi555#0,theirsmeta41088
1.27E+18,gienkoskyyrozdziai6827#0,EstefanaLe10136
1.25E+18,frivvsosa46626#0,CatriceTal69935
1.25E+18,kerenax64299#0,JosephE73439
1.24E+18,itzbahb57956#0,KathrineTe44974
1.24E+18,stctater36763#0,yong_kyoko33140
1.25E+18,rs1.jew32344#0,AngelaG257976
1.25E+18,squidweed577355885#0,HeleneMana63376
1.25E+18,palirolka64515#0,JulietteMu69202
1.25E+18,anatoliytsvetkov62869#0,theda87335
1.25E+18,byteexception18867#0,dalila_cha65879
1.24E+18,volcanzigi58547#0,melissa_cl8205
1.25E+18,noinimodma99549#0,JJenine48159
1.24E+18,naathen48850#0,BillyTrudy74102
1.24E+18,deavolk7044#0,MarryAlesi41168
1.24E+18,giraffethegod44445#0,DVertie76982
1.24E+18,wolfwood84225#0,FlorettaSu74743
1.24E+18,xalwayshi8o8x868813208#0,NellSelma97558
1.25E+18,lynnybinny5036#0,RosieCanda4347
1.25E+18,pinkyoshi771697#0,leos2isabella
1.24E+18,vaccine52418#0,JeanaTroy80069
1.25E+18,reokumaurer15695#0,JRaguel10724
1.25E+18,depretto69611#0,homyhummo
1.25E+18,lindaru47844#0,KarleenSyd51303
1.25E+18,stassybossy91870#0,InocenciaG70494
9.00E+17,alexanderjamessmiths#0,aakash999666
9.46E+17,benjaminrobertjohnson#0,ru_ki4
9.46E+17,christophermichaelbrown#0,vinayB86
9.03E+17,davidwilliamdavis#0,RozeMarshMallow
9.47E+17,ethanthomaswilson#0,w0oDyThinkeR
9.00E+17,jamesedwardmoore#0,asiapiwo
8.93E+17,michaelandrewtaylor#0,LilahFoley
8.91E+17,williamcharlesanderson#0,VladaIlic03
9.46E+17,robertjohnlees#0,ramazkamashidze
8.93E+17,josephpatrickhall#0,jashpillay
9.00E+17,zhoudiandian#0,septihuri
8.94E+17,maolewei#0,RachelSumaya
9.46E+17,huangfeihon1#0,MarediMogashoa
9.04E+17,shaolingshi#0,migueladeras89
8.98E+17,zhangheih#0,cyp_mgnmgn_bot
9.48E+17,zhoumingye#0,jg_hora
8.93E+17,zhangweig#0,wchsyearbook15
9.01E+17,wutain#0,bintangingrid
9.47E+17,chengmiaom#0,restii_agustin
9.03E+17,huangtiao#0,taisei10221rock
9.47E+17,lingshengl#0,Ask125_baseball
9.02E+17,huanglaika#0,Kyle23Miller
9.47E+17,chengmini#0,ecu_andres
9.45E+17,lingnahu#0,71obaman
9.47E+17,shiyulai#0,PorrasMarroquin
9.46E+17,zengmiltian#0,PilleriLorena
9.46E+17,lingfeiyan#0,lovelive_cotori
9.46E+17,mouchengzhen#0,11tomaE24
9.46E+17,xiaoleitia#0,ifa_fairytail
9.04E+17,lingmaotian#0,CCornelesz
9.45E+17,johnmichaelclarks#0,NicoleThirkles
9.46E+17,andrewdavidkings#0,vinayakishore
9.04E+17,danieljameswright#0,NaqiyevElvin1
9.03E+17,matthewthomasgray#0,SusanaAparicio
9.46E+17,christopherrobertbell#0,arnettrn
9.03E+17,georgealexandermurray#0,JustInsideIdeas
9.49E+17,stevenmichaelcollins#0,kelbyomeara
9.15E+17,anthonydavidreed#0,Alezytha999
9.36E+17,paulwilliambailey#0,Duubeeduu
9.46E+17,thomasjamesmorgan#0,Avraas
9.40E+17,theodoricusti#0,NathanGarrity5
8.93E+17,constantinianus#0,gokceyakar
9.02E+17,maximilianopolis#0,CalvinW02
8.92E+17,aurelianusa#0,schonewille805
9.47E+17,cassiodorusa#0,BinhoElber
9.03E+17,leopoldusye#0,3Santacruz
9.05E+17,emmanuelusu#0,ancafe123watar
9.43E+17,octavianusw#0,yoonaah_im
8.93E+17,philippusu#0,ogw0505
9.47E+17,demetriusai#0,swagger_jr_123
9.01E+17,horatiuti#0,F_complicada
9.03E+17,winstonta#0,nick_Keller97
9.48E+17,pepinuss#0,ceinnrichards11
9.47E+17,richardedwardscott#0,Samm280592
9.04E+17,charlesmichaelturner#0,MindySliter
9.48E+17,jonathandavidevans#0,BobSmulders
9.05E+17,kevinrobertdean#0,Nelldina
9.46E+17,frederickya#0,hijiri10281028
1.27E+18,brianjamesprice#0,BrittineLynn
1.27E+18,jasonmichaelcarter#0,NithinKasa
9.40E+17,lionhearta#0,Bonekasetan_JKT
8.99E+17,jeffreyalanryan#0,kazukifr
8.93E+17,beethovenbn#0,leaaahGG
8.97E+17,garyedwardwalker#0,InsSGCosta
8.91E+17,gottfriedpo#0,Iqbaali_D
9.00E+17,raymondcharlesbennett#0,DjailJoko
9.47E+17,christopheruso#0,mizu_poohsan
9.46E+17,lawrencemichaelhill#0,larae3535
9.49E+17,shakespearewu#0,AliAlbaar
9.04E+17,plantagenetr#0,GlittersQuote
9.46E+17,thunbergaai#0,ciro_cordoba13
9.46E+17,witherspoonti#0,ellie14rimmer
9.00E+17,madonnatu#0,Jawaher_alrogi
9.03E+17,witherspooni#0,Thabile91583523
8.92E+17,sarkisianni#0,Den_Baguz16
9.46E+17,mebarakri#0,H7814Lionkazuki
9.48E+17,franklinai#0,thebigstep1
8.99E+17,dickinsomi#0,qmena1
9.46E+17,katharineo#0,thnoo1414
8.97E+17,hepburnk#0,08amunot21chi
9.04E+17,donaldjamesmoore#0,maishamuziki
9.47E+17,ronaldedwardking#0,RikCoe
9.48E+17,kennethrobertbailey#0,tin_flores
9.48E+17,douglasmichaelgray#0,shuqng
9.22E+17,stephendavidcollins#0,Tara753
9.03E+17,edwardjameswright#0,huxuesong119
9.00E+17,haroldmichaelbell#0,SenshiTo
9.03E+17,carledwardmurray#0,Werdnarox
9.03E+17,terryalanreed#0,BeeUnite
8.98E+17,rogerdavidturner#0,Godzillaisking5
9.45E+17,zenobial#0,AAlbertoaroca89
9.40E+17,cleopatraoi#0,camero_cristian
9.02E+17,elizabetju#0,ShaYoli85
9.03E+17,yutheriwu#0,bryoniedixon12
8.97E+17,alexandrinapo#0,Kassie_bear1D
9.47E+17,isabellatiao#0,IgorCosta190
9.46E+17,windsorp#0,zinta_ginoga
9.17E+17,elizabethoi#0,BekaDjire
8.92E+17,johanssonpi#0,YunitaSarra
9.48E+17,knowlesm#0,leo_boeyoenx
9.45E+17,winifredluna#0,imperialchina15
8.94E+17,gertrudecamila#0,ojofemi93
9.04E+17,berthamila#0,ireno_santos
8.93E+17,gwendolynisla#0,oktaCLOUDS
9.01E+17,matildamargot#0,vebeejay
9.48E+17,eleanoyu#0,MhmdAini21
9.05E+17,gwendolynnora#0,rin_roon
9.48E+17,philippaella#0,animesegamess
9.46E+17,winifredclara#0,BritneyGorgeous
9.46E+17,berthaevelyn#0,Baske1101Itojun
9.12E+17,amandagracejohnson#0,Gfry2007Fry
9.04E+17,ashleyelizabethsmith#0,jimpachy
9.46E+17,carolinemariebrown#0,Sassysam93
8.98E+17,charlotteanndavis#0,ChrieckJumbo
9.06E+17,daniellenicolewilson#0,bstood1013
8.93E+17,elizabethannmoore#0,Rhonda_Merrill
8.99E+17,emmagracetaylor#0,olivernordh
8.93E+17,graceelizabethanderson#0,NeilCooper94
9.04E+17,hannahmarielee#0,c_j_l_0
9.45E+17,isabellarosehall#0,Nanalinaa
9.00E+17,jessicalynnclarks#0,PSolarik
9.03E+17,katherineannking#0,JayJaygirl365
9.47E+17,laurenmariewright#0,laxmanchauhan88
8.93E+17,meganelizabethgray#0,malakrooh0
9.46E+17,michelleannbell#0,jovanjordan4
8.97E+17,nataliegracemurray#0,sugarcrush246
8.93E+17,oliviarosecollins#0,glennieking71
9.00E+17,paigeelizabethreed#0,kekebaddie33
8.92E+17,rachelmariebailey#0,Lizah_Cute
9.04E+17,sarahgracemorgan#0,Shella_Dewiie
9.45E+17,berthaelizabeth#0,debbydride
9.45E+17,gertrudeharper#0,youngDoneDada45
9.05E+17,gwendolyno#0,VictoriaAnnja11
9.40E+17,philippaamelia#0,dogscutedogs
9.00E+17,eleanoralayla#0,fuensi26
9.16E+17,winifredsophia#0,info_comunio
9.02E+17,eleanoralily#0,patryyy21
9.46E+17,gertrudemia#0,AninhaCR14
9.03E+17,gwendolynemily#0,mmkppaim
8.94E+17,philippaclara#0,gbelena98
9.05E+17,sophiaannscott#0,relaxdah
9.00E+17,alexandramarieturner#0,Salshakidiw
9.01E+17,brittanylynnevans#0,Folinkwa
9.04E+17,christinanicoledean#0,AbdiSanjoyo
9.03E+17,deborahannprice#0,hdshbsbs
9.46E+17,eleanorrosecarter#0,Novanfaradilla
9.00E+17,evelyngraceryan#0,avendanokyla_24
9.47E+17,gabriellamariewalker#0,Cucunurohman1
8.93E+17,zofiakatarzynanowak#0,thebestpjo
8.92E+17,isabelgracehill#0,smustafa446
9.48E+17,berthaisabella#0,Lovewe_Donghae
8.97E+17,winifredcharlotte#0,ChubbyLieyna
8.93E+17,eleanoralucille#0,BernatOscar
9.06E+17,philippahazel#0,CyprusFilmDays
9.00E+17,gwendolynskylar#0,NurfitriC
9.06E+17,gertrudecami#0,RizkiaKarlina
9.04E+17,berthadaphne#0,Rapsultan_ym
8.97E+17,winifredlydia#0,alvonerss2014
9.43E+17,eleanoraluna#0,DododAlie
8.92E+17,matildaeloise#0,hamaemon35
9.46E+17,berthaserenity#0,IHateLohgan
9.04E+17,gertrudeamelia#0,Roshanda93smith
9.40E+17,philippaevangeline#0,Berend_Roskam
9.43E+17,gwendolynisabella#0,yayahzakiah26
8.94E+17,matildamelanie#0,dominopizza251
9.40E+17,gwendolynveronica#0,toyo_law2014
9.46E+17,philippamagnolia#0,july28_viviane
9.04E+17,gertrudeconstance#0,akis_samaz93
8.91E+17,eleanoralorel#0,NewsFacebook001
9.05E+17,winifredisadora#0,__ryusei_f_818
9.04E+17,juliamariemoore#0,MutiaIrhamna
9.47E+17,leahannking#0,carlyncook71
9.46E+17,madisongracebailey#0,cwlee1642
9.45E+17,melissaanngray#0,pleasedhoo
9.46E+17,nicolemariebell#0,s_oukaiina
8.99E+17,rebeccalynnmurray#0,PliCristalWg
9.47E+17,samanthagracecollins#0,Guecintaelo67
8.97E+17,taylorannreed#0,lhorhenzten
9.03E+17,victoriamarieturner#0,Mibeefy
8.93E+17,zoeelizabethwilson#0,bilalibrahim21
1.26E+18,gwendolynbrielle#0,SEFAPerformance
1.28E+18,winifredlilith#0,IXA_SPAMUZA
1.27E+18,berthamelody#0,joshuaroks16
1.28E+18,gertruyu#0,CuletsXx
1.28E+18,winifredphoebe#0,Mission_Child
1.27E+18,eleanoralauren#0,mizuki0821mizuk
1.28E+18,matildalillian#0,Paco_Valles260
1.27E+18,gwendolynscarlett#0,1968Faez
1.28E+18,philippaevelyn#0,Ayaka_1025bsk
9.46E+17,averyjamessmith#0,kaylaw16112
9.46E+17,blakeelizabethjohnson#0,jeck_sporrow
9.00E+17,caseymichaelbrown#0,HikmahHastuti
9.00E+17,charlieanndavis#0,taengssin
9.03E+17,dylanmariewilson#0,morganacltr
8.94E+17,rileyrosehall#0,kandiskelly40
8.98E+17,kendallmarielee#0,jillianlong24
9.36E+17,jordanelizabethanderson#0,japple1324
8.99E+17,elliotgracemoore#0,Michuobae
9.05E+17,finleyjamestaylor#0,pathanafroz900
1.29E+18,berthamagnolia#0,miss_khanyi_123
1.27E+18,winifredconstance#0,melikeeeee1907
1.28E+18,matildamargar#0,glendaasoares
1.26E+18,eleanoraloretta#0,nelsonvinas
1.27E+18,philipparoseanna#0,cocoi2425sp
1.29E+18,gertrudesophia#0,JoannaMonserrth
1.27E+18,gwendolynisadora#0,ChuwaBchuwa
1.28E+18,gertrudecor#0,Nailler1D
1.27E+18,berthadahlia#0,ShunWatanabe07
1.27E+18,philippaelizabeth#0,faidani_arlita
9.01E+17,rowanlynnclark#0,kainpatton
9.03E+17,skylerannking#0,nala_dk
9.46E+17,taylormariewright#0,peqajeviregywy
9.00E+17,quinnelizabethgray#0,MassudMussa
8.92E+17,sawyergracemurray#0,pijuky2708
8.97E+17,reeseannbell#0,maythameng
8.98E+17,sidneymariecollins#0,frasesofrases
8.99E+17,stevieannreed#0,cozezonykuqot
9.03E+17,vaughnmariebailey#0,emad5069
9.46E+17,wintergracemorgan#0,ahmadakbari1974
1.26E+18,matildamelania#0,beautyjazz15
1.28E+18,gwendolynphoebe#0,inaka_sinobi
1.27E+18,eleanoralilyana#0,yumoyumo_arashi
1.27E+18,matildamaro#0,sahraa_binar
1.27E+18,seraphinayu#0,HKVOnsEibernest
1.29E+18,berthaeloise#0,SarahKsa123
1.27E+18,winifredisla#0,shikah_saud00
1.26E+18,zaydenioo#0,takumilol1
1.27E+18,gertrudesopo#0,miya_naru1215
1.27E+18,gertrudevivienne#0,darrencairnie
1.28E+18,aidenjamesscott#0,NabilaAnisa5
1.28E+18,briannaelizabethturner#0,shakhaaja
1.27E+18,cameronmichaelevans#0,ismaila4luv
1.28E+18,dakotamariedean#0,leepatrick800
1.26E+18,emerygraceprice#0,Fanganto36
1.28E+18,harperjamescarter#0,syondwight
1.27E+18,jordynelizabethryan#0,SaffwaanM
1.27E+18,kartermichaelwalker#0,nidhichanna
1.26E+18,lennonmariebennett#0,MeloUkaBiyahh
1.27E+18,parkerjameshill#0,danicagrgasin
1.26E+18,sebastianrtw#0,Chistes_frases2
1.27E+18,emmanuelpoq#0,salyuai
1.27E+18,nathanielpo#0,Cosmos_TKD_bot
1.27E+18,christopherdq#0,SolantySpice
1.27E+18,alexandergui#0,oscargonpiera
1.26E+18,maximilianiu#0,taylorbates01
1.27E+18,theodoto#0,0118andMei
1.29E+18,benjaminsfo#0,sarona_alnahdi
1.27E+18,constantinelo#0,marinah1477
1.28E+18,roryannmoore#0,JasmineAmissah
1.27E+18,sullivanmichaelking#0,RobertWesley22
1.27E+18,wesleygracegray#0,Nirwanaahh
1.29E+18,zionmariebell#0,kristinestewa47
1.27E+18,bennettrobertcollins#0,stevennakpoint
1.27E+18,emiliarosereed#0,jbstheintro
1.27E+18,giovannimichaelbailey#0,babar_aliali
1.26E+18,julianamarieturner#0,coramartin91
1.26E+18,mateojameswilson#0,littlershay
1.27E+18,benazirio#0,Ryo_makkoi
1.27E+18,cameronkl#0,_Ingrislayne
1.27E+18,theodoruo#0,fealves67
1.27E+18,constantinia#0,AkikaSmile0526
1.27E+18,margaretpoa#0,keisha_hoowwyuu
1.27E+18,palmyrai#0,nasiru_shehu
1.27E+18,morganopa#0,CharterZia
1.26E+18,reynoldsia#0,S_hatsumi123
1.27E+18,newmanla#0,anamariano19
1.26E+18,alexanderwilliamrobinson#0,sundaygriffin96
1.29E+18,benjaminthomasedwards#0,ahmadsunardi902
1.26E+18,charlesmichaelmurphy#0,iqwan_ozil
1.27E+18,danielrobertparker#0,IsrialMaburo
1.26E+18,ethanjamesmitchell#0,agustinanurul30
1.28E+18,franklindavidharrison#0,enas_al91
1.27E+18,gabrielandrewbaker#0,jessekpo
1.28E+18,henrycharlesadams#0,RichloveTuffour
1.28E+18,isaacbenjaminwilson#0,momalmalik125
1.27E+18,jamesedwardtaylor#0,myongrobinson47
1.33E+18,benedictusjj#0,HornyNekoGirl
1.34E+18,aristophanpo#0,tkmmai1128
1.33E+18,theodosiusm#0,manolyam64oguz
1.33E+18,octavianust#0,masudalove_news
1.34E+18,lysanderui#0,wesleymazuhi
1.34E+18,evandeboa#0,SabriAltkulac
1.33E+18,maximilianmiyu#0,mdshafi99834612
1.33E+18,demetriusni#0,amassi_alref
1.34E+18,constantinuso#0,khikie_setiaa
1.27E+18,jonathanmichaelcollins#0,mzoriking
1.28E+18,kevinrobertmoore#0,Noktiwi
1.26E+18,lawrencedavidking#0,AgnesSilawati
1.26E+18,matthewthomasbell#0,LOAA_TA55W
1.26E+18,nicholasjamesgray#0,saqibsaleem05
1.27E+18,olivercharlesreed#0,canidamichelle
1.27E+18,patrickwilliambailey#0,nindyalama
1.27E+18,richardedwardturner#0,Elvihana15
1.27E+18,samuelmichaelcarter#0,xxl865
1.27E+18,thomasandrewryan#0,RismaAmadis
1.33E+18,magnoliako#0,aril_sepet
1.33E+18,mathildawu#0,jacethwong1
1.34E+18,philomenapo#0,Lee_sucii
1.33E+18,evangelinelo#0,gisele_pintanel
1.34E+18,melissandraji#0,shortymontiel
1.34E+18,gwendolyncu#0,yr59cy1130
1.34E+18,seraphinaul#0,lferreirax
1.34E+18,rosalindpo#0,Vinny_HS96
1.34E+18,constantiajk#0,Naruto_UzumakiR
1.34E+18,genevievelo#0,Kelly_Wilson77
1.27E+18,amandamariejohnson#0,ApdoApdonwar
1.27E+18,ashleygracesmith#0,wolfcutecute
1.27E+18,carolineelizabethbrown#0,EzenwatuIfey
1.28E+18,charlotterosedavis#0,malbayiaty
1.27E+18,danielleannwilson#0,LucyMinato
1.27E+18,elizabethgracemoore#0,Lukeshlookme
1.27E+18,emmamarietaylor#0,HatersOfBella
1.29E+18,graceannanderson#0,Ggggg71023433
1.26E+18,hannahroselee#0,nuruladibah13
1.34E+18,isabellagracehall#0,samfrench1282
1.33E+18,theodosil#0,dayat_syarief08
1.33E+18,mackenziezd#0,Brunno_4lves
1.33E+18,cameronfu#0,W4one_
1.33E+18,penelopeni#0,kirian_marie
1.34E+18,emersoruo#0,4278nene
1.34E+18,veronikayu#0,CarKarol3
1.34E+18,madisonhn#0,braun1949
1.34E+18,kennednis#0,DewiiAdelina
1.34E+18,beatricevo#0,nanami4025poko
1.34E+18,jordansdi#0,Abcd1028
1.34E+18,jessicaannclark#0,goldnuke10
1.34E+18,katherinemarieking#0,firliandescor
1.34E+18,laurengracewright#0,FifiAfn
1.34E+18,meganmariegray#0,AgujetasCLaguna
1.34E+18,michellegracebell#0,1022Rolito
1.34E+18,natalierosemurray#0,SPYAIR_RioR_
1.33E+18,oliviaanncollins#0,Julia_pantojaS
1.33E+18,paigemariereed#0,Corretamente2
1.34E+18,rachelgracebailey#0,i_akira12
1.34E+18,sarahrosemorgan#0,franadegas1989
1.33E+18,makedonios#0,masayuki_h88
1.34E+18,augustusyu#0,123Kedigc
1.34E+18,propertiusl#0,HamiltonCarine
1.34E+18,charlemagneui#0,SharenaFClub
1.34E+18,odoaceruscb#0,protegekid23
1.34E+18,torunensis#0,gonzalez851027
1.33E+18,claudiusaz#0,KSaeRonMR
1.34E+18,senatorij#0,A_BoraSISTAR1
1.34E+18,augusuml#0,BVLGARI1998
1.33E+18,averymariesmith#0,1229Ayane
1.33E+18,blakejamesjohnsona#0,sigure__00
1.33E+18,caseyelizabethbrown#0,NaO_0513_
1.33E+18,charlieanndavisr#0,rikkylinden
1.33E+18,dylangracewilson#0,brennanholliste
1.33E+18,elliotmariemoore#0,NingiShabalala
1.33E+18,finleyjamestaylors#0,ZulianH
1.34E+18,jordangraceanderson#0,joao_0212
1.34E+18,rileyannhall#0,444Sro
1.34E+18,cleopatralf#0,rhuan_stewart
1.33E+18,johanssonas#0,rafalozano16
1.33E+18,pakistanh#0,Ibu0703Ri
1.33E+18,targaryengk#0,JohnsonKysean
1.33E+18,alexandrinat#0,blakefraser_
1.34E+18,winthrofu#0,jump_akari
1.33E+18,vanderbilthu#0,rikuyaDX
1.34E+18,blackwoodjo#0,Annisa_LatePost
1.34E+18,theodorahu#0,AkaSekaowa1
1.34E+18,rowangraceclark#0,kyriewalker14
1.33E+18,skylermarieking#0,soueuigor
1.34E+18,taylorgracewright#0,prwalacesantos
1.33E+18,quinnmariegray#0,DipperPineTree_
1.34E+18,reesegracebell#0,celligna98
1.34E+18,sawyermariemurray#0,grudgexo_
1.33E+18,sidneygracecollins#0,CicaDourads
1.34E+18,steviemariereed#0,juant1979
1.33E+18,vaughngracebailey#0,acongmilanista
1.33E+18,wintermariemorgan#0,KxB_GC
1.33E+18,emmanuelchristophers#0,brastonhodge98
1.34E+18,nathanielbenjamine#0,chagas_iara
1.34E+18,sebastianalexanders#0,lexibuns12
1.33E+18,theodorenicholas#0,fifa15traders
1.34E+18,maximilianaugustus#0,marijuan14
1.34E+18,juliandavidsons#0,Nathmaia1507
1.33E+18,benjaminthaddeus#0,Kathinkka
1.34E+18,christophermatthewa#0,IndraIndrabatik
1.33E+18,alexandertheodorer#0,Luan_Msk
1.33E+18,nicholasemmanuels#0,miiihaaa0512
1.34E+18,xinyuwan#0,nigata_edo
1.33E+18,yuxuanming#0,mico_rose99
1.34E+18,zhangzichenhao#0,antonio_bnk89
1.34E+18,mingyuangang#0,anjelly_denvils
1.34E+18,yuxuanze#0,Jordan_colaz98
1.34E+18,shuxinyue#0,renren123ren
1.33E+18,manxiuran#0,NorviewCO2012
1.34E+18,junchuhan#0,JonathanMarco8
1.33E+18,siyingxuan#0,yudai1021j
1.26E+18,hanyuchen#0,Devi_Aryme
1.07E+18,crypto_leopard#0,Kavun76718255
1.00E+18,oxvalox#0,oxvalox
1.19E+18,pykrxx#0,0pykrxx
9.30E+17,crypto_juli#0,Ju1i_crypto
8.03E+17,temnik_84#0,https://x.com/TemnikVitalij
9.58E+17,suzhofa#0,bellisoreos
9.56E+17,suzhohuan#0,0415egawa
9.52E+17,liaohuilang#0,zahier_zarres
9.46E+17,zhuxuang#0,chaudiamond
9.37E+17,zhuchoba#0,castille614g
9.56E+17,chengsansan#0,yoshiyoshi1189
1.03E+18,zhouyingfa#0,mariabukhari554
9.56E+17,suzhozheng#0,wg6640
9.56E+17,licuangzhen#0,fraoltade
9.46E+17,wangzhengzheng#0,wij_n
9.56E+17,liaokoze#0,SCDPASTORIZA
9.45E+17,fengdengxio#0,salahvirvsatwa
9.58E+17,chengyingen#0,zeroooo500
1.31E+18,gustavskou7425#0,IsjalonBandz
1.31E+18,heathcliff1065#0,HelenAA2001
1.31E+18,skoozie7674#0,Xxtt13
1.31E+18,animeshmunshi1065#0,sazanami0301
9.62E+17,chenxiaodang#0,PrincessMafia_7
9.56E+17,xucangliang#0,si_sisisisis
9.58E+17,xusuangyi#0,belajarujicoba
9.52E+17,hangjianyun#0,emillybal1
9.58E+17,linzeenc#0,rikafebiyanti96
9.58E+17,zhangtengyu#0,yulita_gunawan
9.56E+17,hangyuntao#0,harpynex92
9.52E+17,huanglihang#0,gyoubu125
1.31E+18,datderpygamer468733#0,PankajDhurve2
9.56E+17,wangxiuzheng#0,notelebay
9.58E+17,linliyingzi#0,SiteRPW
1.31E+18,dhrooflolok8406#0,Apkdgn06T
1.31E+18,xxx8ch8xxx5026#0,carissabrea1
1.31E+18,pahkinapussi1667#0,1515tolete
1.31E+18,nicsaiyan4826#0,ReneSylla
1.31E+18,jaylist865#0,Jhejenciijailko
9.62E+17,xuzhangcheng#0,jamshed599
9.37E+17,wangzaiyi#0,firmansyah_jmr
9.37E+17,wangtingyung#0,freelance5678
9.37E+17,linyongying#0,marielaynez21
9.56E+17,wangxuwei#0,budakkampungpna
9.37E+17,zhujialing#0,sameersalim98
9.62E+17,wangjuncong#0,ags_rahadian
9.58E+17,liuluoming#0,enebment
9.62E+17,zhangqingmiao#0,WeHeartsBio
9.37E+17,zhangjingy#0,sarailovesroyce
9.37E+17,lingjingjie#0,OnikaNdukwe
9.58E+17,nisiweng#0,wil64n_4rya
9.56E+17,xujiayangw#0,yaraasir
9.58E+17,baifuhui#0,dirtbikederby
9.58E+17,bailinniao#0,dsdaliaa1
9.58E+17,lihuofu#0,ykebv
9.56E+17,qiangyuncheng#0,putricahyya
9.58E+17,yingyingcheng#0,yogiaditya_01
9.62E+17,chengxiyi#0,SIKILEX
9.52E+17,sijuhang#0,zeyadalaa26
9.46E+17,sijingjin#0,jhovelyumang
9.56E+17,chengjingjin#0,lovu001001
9.58E+17,lijiangji#0,ammaralnjaarr77
9.56E+17,liaozhengjiang#0,vinnaafriyani
9.37E+17,duoziteng#0,Yuniartyyy
9.58E+17,chengjiangyi#0,nhokcuong1998
9.62E+17,wangziguang#0,hamid1214121
9.56E+17,xumingzi#0,jahed822
9.56E+17,zhuziteng#0,michael_022807
9.56E+17,xutianliao#0,LovelyGirl_FC
1.20E+18,danniufot#0,professor_slax
1.02E+18,xuantran3667#0,xuantran3667
1.27E+18,eleanoralucinda#0,ferdiko_elbarca
9.56E+17,nimeiwa#0,mlutfan47
9.52E+17,chenliaozi#0,yusrilnurd
9.37E+17,liaoxuzi#0,patty_penny
9.37E+17,zhouyiwe#0,jaysinbi
9.58E+17,zhuowezi#0,dedcatur
9.37E+17,zhuoyiwo#0,rendi_s10
9.56E+17,chengjingdeng#0,Oreendaleee
9.56E+17,linyongzi#0,lnfinitekim
9.58E+17,liaoyimi#0,emmaefeonline
1.28E+18,augustinexv#0,KikiGaduk48
9.58E+17,caoxiaozi#0,YonatanNamboru
9.58E+17,caoxiaomi#0,AmoodBaloch
9.58E+17,caoyiyu#0,pgri90
9.37E+17,wuxiaolan#0,GraceNrk
9.58E+17,suxingyia#0,UeeKiyud
9.54E+17,tiaozisuang#0,odjegbatetsoma
9.55E+17,chenghuihang#0,genjohn56
9.56E+17,linzidang#0,hiromatodd
9.55E+17,zhangjunshang#0,devionitaa
9.37E+17,huangsiqing#0,hemabassam17
1.26E+18,murphuju#0,matui_1226
9.62E+17,shijuhang#0,Lena_denim
9.58E+17,liojuqi#0,santosmaeshei
9.55E+17,zhuojingwei#0,Donmorikomo4
9.52E+17,qiangruichen#0,yyahya207
9.56E+17,lingzihai#0,hanan_ahmed2013
9.62E+17,qianlizheng#0,ZalvaNaura
9.37E+17,dengguangxu#0,mhmdsyria125
9.37E+17,xielaojun#0,Wafiq_azz
9.56E+17,zhengyangcheng#0,sjenkins1199
9.56E+17,yangzitiao#0,AssyrafSahab
1.33E+18,cassiusoc#0,JoniboJuan
9.58E+17,zhuochuchu#0,zacscritter
9.58E+17,liaoliaomu#0,aldval384112
9.37E+17,guangdengzhen#0,CickyCicks
9.37E+17,hangzhanglie#0,ryota112777
9.58E+17,qiangzeyi#0,MauroDiazzz
9.55E+17,jiangyeng#0,VictorHHamada
9.58E+17,bailiqing#0,vierajonathancf
9.58E+17,baisihui#0,green__maniac
1.34E+18,germanicnu#0,GeorgeTwinsLA
1.34E+18,montgomerymo#0,hailey_napier4
1.29E+18,alessandrojamesmurray#0,dezmid4
6.12E+17,evmsol#0,0xvmsol
1.02E+18,0x0_chrollo#0,0xChrolloo
8.28E+17,love8dao#0,love8_dao
8.93E+17,misha1985#0,@misha85a
1.09E+18,oxamire#0,Oxamire
9.60E+17,ma1lse#0,"Ma1lse (❖,❖)"
1.10E+18,xabong5515#0,xabong155
1.08E+18,noob2711#0,LAChroniclesRPG
7.30E+17,2_thetcs#0,theTCS_
1.15E+18,sollysam.#0,sollysam_
1.21E+18,yanjuchen#0,lixuan_chen
1.11E+18,sherryhsu191475#0,sherryhsu191475
8.93E+17,avinashbansal#0,@PranavOnChain
7.96E+17,jjerryeth#0,jjerryeth
9.35E+17,rf5rqzpekv7655#0,alexdias_12
1.10E+18,oxtrion#0,ox_trion
1.13E+18,moradi2233#0,oceenabel
1.09E+18,oxelinmond#0,Oxelinmond
1.37E+18,alimoh32#0,Iamaliyumoh
1.26E+18,duong251201#0,25tranducduong
1.37E+18,uhthomasond1842#0,@deveedee
1.12E+18,noraa3007#0,Noraa525
5.93E+17,jes6069#0,jesriley12
1.12E+18,linaa8915#0,Linaa414
9.77E+17,jimmy9177#0,Cryptogang88
1.10E+18,alphatrader_#0,onetrader01
1.11E+18,alfredone#0,Juuaan888
1.13E+18,nikolass3046#0,Nikolas02311832
9.12E+17,taitai1112#0,taitc8x
9.31E+17,twister337#0,twisterfx001
1.24E+18,dinoghostthespooky63447#0,@SonjaWilli72101
1.24E+18,babysnorlax13050#0,@MaritzaSounder
1.24E+18,vinnytheg36558#0,@VelmaTheo18980
1.25E+18,polar_leon93020#0,@Rudebishh
1.24E+18,rafaletesanctres78044#0,@xXGood_QuotesXx
1.24E+18,jairbonolorinho10461#0,@mizuiroest
1.24E+18,zimens90261#0,@TAGREED21
1.24E+18,xradiusm12048#0,@Hauwa_ss
1.24E+18,zanzibar53269#0,@ura_sgr
1.25E+18,someonewholives44020#0,@AstridEmma27563
1.24E+18,richard.59400#0,@anika_naom66496
1.25E+18,taboola748292495#0,@AlyssaShel85255
1.24E+18,mudbug1c50015#0,@barela_kel26388
1.24E+18,toadplushie31055#0,@jayne_hans36803
1.25E+18,pianist56134#0,@BrendaStov50216
1.24E+18,dominusdiaboli97071#0,@AprilRober3582
1.24E+18,shakotan20046#0,@AshleyGarc50133
1.24E+18,vinkryptec69896#0,<@&1233520566703751260> nJohnso19311
1.24E+18,feifaye490022705#0,@ErikaReyes46953
1.24E+18,diazsama42164#0,@JeniferLeo5265
1.24E+18,samvlone67968#0,@maribeth33077
1.24E+18,ethan4629090992#0,@CarverCaro53490
1.24E+18,hairyj28120117#0,@janina_kar58943
1.25E+18,balkanac31154#0,@DianneLeah22978
1.25E+18,tatergator46184#0,@174170619pazud
1.24E+18,saint21135802#0,@VJacqualin97919
1.25E+18,royalspoon183072137#0,@LeilaValen15202
1.25E+18,silvermorning38534#0,<@830530156048285716> ukushi3514
1.25E+18,phoenixdawn79077#0,@NedaSelene77928
1.24E+18,ididntdoit975078#0,@Kleyderson11
1.24E+18,kansenshou53926#0,@JacquelinV84396
1.24E+18,kabbuii78967#0,@RIrish73558
1.24E+18,joeymtl61610#0,@KindraNana41383
1.25E+18,lynxtyger90376#0,@angelwilly18
1.24E+18,ayricky85621#0,@_HniPidor
1.24E+18,jhucks223575039#0,@TomokoAi214528
1.24E+18,fairythefool19154#0,@JenineCand53697
1.25E+18,life_vib3s31764#0,@FebriaDJ
1.24E+18,holysincerity37780#0,@AprilB90119
1.24E+18,analytics67313#0,@IvanaLesli94919
1.24E+18,m12sarge35078#0,@ilse_magda9768
1.25E+18,tbk_iron1227#0,<@830530156048285716> ttieRose2471
1.24E+18,neurotokzin53998#0,<@&1197995696779972608> aRosaly12241
1.25E+18,cupajoe52771#0,<@1248101301590425632> yse_tier80650
1.24E+18,brainfart18224#0,@LyndsayMal57716
1.25E+18,command3r719335685#0,@KrissyCrys53188
1.25E+18,dinossaurohumilde83604#0,@agripina_h62406
1.25E+18,wingzero300996567#0,@SherleyDan9746
1.25E+18,professor27024#0,@EmmaGia749581
1.25E+18,mr.spook84525#0,@DarleenTat92871
1.25E+18,jofrede12589483763#0,@LorriElida15349
1.25E+18,stroost64942#0,@JeriTheo22822
1.24E+18,willowraith35066#0,<@1152387252232663091> Latanya30303
1.24E+18,itlognibatman19591#0,@jerrie97669
1.25E+18,jake_y05x7507#0,@NShondra24558
1.25E+18,tonythotxd28139#0,@BessieMega13937
1.25E+18,themagnumchiller39774#0,@JeanieLorr72067
1.25E+18,krazybird51226#0,<@1152387252232663091> yYesse40671
1.24E+18,mofiazul2328#0,@NichaelaNica22
1.25E+18,danilpi63635#0,@Jitendraaalika
1.25E+18,valintus73241#0,@DeloraSand43854
1.24E+18,buckluster58636#0,@BilgiliDurdu
1.25E+18,kusodanchou95646#0,@ZebraTechno
1.25E+18,cowcrew41312#0,@isam_n97
1.25E+18,sortamalicious86949#0,@JoyHailyn
1.25E+18,trimaras99308#0,@WilliaLano99445
1.25E+18,giovannygm24954#0,@PingPin11684235
1.24E+18,elveira60875#0,@jchris01
1.32E+18,peterhardy0134#0,@sweetbeyza891
1.24E+18,xkop33383293#0,@SelenaG_pro
1.32E+18,aimeedronen#0,@julianasantose
1.32E+18,johnprasad_#0,@fwqvw69188897
1.24E+18,marcel58072194#0,@HongThQu10
1.24E+18,immortal38282#0,@hidtc34369137
1.32E+18,amybryant0930#0,@codgs42165227
1.32E+18,billytwiggs#0,@ikuzb18236425
1.32E+18,robertfolsom.#0,@fresd86434819
1.32E+18,michaelking0197#0,<@1152387252232663091> wfsyd54677984
1.25E+18,ssskiller84964#0,@luxhi54658337
1.32E+18,brianbickle#0,@xwozl54285658
8.28E+17,anian4948#0,anian0000
3.43E+17,_meu_#0,derezzedfall
1.10E+18,mjmehdi10201#0,https://x.com/Mjmehdi1
1.06E+18,nice__gu#0,nice__gu
1.38E+18,dekunft#0,Øx__deku
8.36E+17,fullamaster#0,nav80894141
8.25E+17,_asvas#0,asvas77
1.31E+18,barbara_kp#0,@AshleyBrow98818
1.14E+18,molvmo#0,Tonysoprick
1.02E+18,qtien224#0,Tieen111
1.11E+18,heisfrancis#0,heisfranciss
8.95E+17,billtc#0,memegoai
1.21E+18,eason___#0,XQianKong
1.27E+18,denizozii_rl6317#0,SuchetasDr
1.27E+18,xalexbr3860#0,f79Eduardo
1.27E+18,ormazuz99996578#0,iekalavender91
1.27E+18,leanpharaoh6161#0,nez_ema
1.27E+18,bitterbloom8980#0,pddahbueed1j
1.28E+18,spiritualjedittv8714#0,lizriveraroman
1.27E+18,elnorre767955#0,kaicsantos6
1.28E+18,gustavgustav5026#0,hembert13trujil
1.28E+18,noodledragon4474#0,mcgagoloko
1.27E+18,bakula444088#0,leandrotoledo13
1.27E+18,notsmart7776#0,Dera97Venski
1.27E+18,imdying1422#0,artemis0826
1.28E+18,angela_bot8072#0,TillieTypp_ex
1.27E+18,pres.otaku5917#0,MorganBond1
1.27E+18,arachnidgaming8464#0,Lookatmyboipls
1.27E+18,yeliinka6588#0,swimchick8
1.27E+18,ct4pu399442#0,Aubameyang35
1.27E+18,talismanic6727#0,Hamidal04675470
1.27E+18,m00n_bat3791#0,onlyforyouDulce
1.27E+18,pingers8130#0,ProduceMdsr
1.27E+18,reapeth7647#0,atlantis_brasil
1.27E+18,valadcristea2952#0,sivatheri
1.27E+18,suroozie1583#0,aralmehmet65
1.27E+18,p4th1ess6848#0,FullerFullerg
1.27E+18,brownpaperbag1254#0,jajazinhahh
1.28E+18,lowkey_lonely6787#0,saurabh2061988
1.27E+18,majishan503#0,ca625ce4d8ba4b4
1.27E+18,elpresidente9762#0,yovamiranda
1.27E+18,sammytings5646#0,CatacamasRuiz
1.27E+18,nightwolf338#0,arap3965
1.27E+18,msedward5094#0,rahimeylmaz7
1.27E+18,can86361849#0,sweetheartminef
1.27E+18,theletter_zee9168#0,AynaraMotos
1.28E+18,rockhole8684#0,1234Maraj
1.27E+18,eletrax4173#0,RezaSkate11
1.27E+18,jontwitch1294#0,cenci_erika
1.27E+18,profoundbarkness1410#0,dunnspencer99
1.27E+18,yamotosan692#0,yamakiyo292
1.27E+18,yapsonark5731#0,Nabilahtantik
1.27E+18,joeyrobinwolf6385#0,LonelyLonewolf
1.27E+18,pablosatorre9578#0,rosapink87
1.28E+18,the_maddwolf9875#0,clintonbancole
1.28E+18,gghost_0x1822#0,shenol_2001
1.28E+18,velaris373#0,tlgcn77_can
1.28E+18,turtled552159#0,moisesaguirre18
1.27E+18,ffufi2836#0,_yumii1124
1.28E+18,hahaxdd6431#0,MarianeEleu
1.27E+18,mrkillmyself3778#0,peter_gorchuk
1.27E+18,noya_fgc993#0,binhagalodoido
1.27E+18,tylermoe5229#0,marfuatu_lia
1.27E+18,chastain2781#0,TaybayTayla
1.20E+18,oc9xx_21012#0,awmawmg
7.66E+17,hoanggom#0,DuyHong31424294
1.27E+18,r4m3nbtw2390#0,luuuvmyloo
1.27E+18,shutyoface2464#0,rima_srilestari
4.40E+17,xxx9016#0,ali_godson1
1.25E+18,jrhenjax22839#0,daisuke20r2003
1.24E+18,itsajibbi99749#0,Turriffs
1.11E+18,sherryhsu198527#0,sweetea_198527
1.27E+18,thedanda7003#0,narakorn26
1.24E+18,dictatormoray30595#0,DevinBielski09
1.24E+18,illusion71551#0,thatnygirl
8.99E+17,avinsmith#0,tranaiht
1.25E+18,saenger.itswar42424#0,leidynha_24
1.25E+18,jambo699665938#0,pingoz521
1.25E+18,mrnotthatfamous68356#0,Henrikes__
1.25E+18,xs_depression313466983#0,sinankrk2
1.27E+18,maxpatriot1380#0,franci_amamamma
1.24E+18,elocard12442#0,KumarMaksimum81
1.33E+18,oobang_#0,hmmmyesddy
1.24E+18,thejeffguy52042#0,ToobaAQ
1.25E+18,throckmorton61069#0,rahellsabir
1.24E+18,niflboy84969#0,cameltower
1.25E+18,shinn_raize4570#0,AmberHollo67340
1.25E+18,nerfmirage1422#0,StacyCruz69493
1.27E+18,unixx2919970#0,bryant_kar60491
1.25E+18,cobaltkite67533179#0,ashby_robi29841
1.25E+18,oxnasolvak5422#0,SummerLaws35227
1.28E+18,typewriter3552#0,DonnaGarif96870
1.24E+18,milkstern75643#0,price_alex53521
1.25E+18,richierich63412#0,cheryl_hol95376
1.31E+18,szatriy216#0,mikeatron23
1.31E+18,marcopoloo461813#0,SeratusRibuRp
1.31E+18,notivinapersson9637#0,ChassidyCassie
1.31E+18,xdevolution4642#0,capelle50
1.31E+18,yungrhubarb3778#0,BASSGODx
1.31E+18,tagez175134#0,GhatsaAmara
1.31E+18,itsyurx803#0,SergioHidalgoP2
1.31E+18,chikosei5905#0,ShwetaT00442139
1.31E+18,applejacks2277750#0,Bapunkamc
1.31E+18,sharpenxoxo7808#0,Aisslin_17
1.31E+18,chilleva4619#0,dellaameliaaman
1.31E+18,drivebycumshot1647#0,mayu__0220
1.31E+18,ratlanta4803#0,fariizhghembelt
1.31E+18,lovepreetsd2738#0,m___lyb
1.31E+18,bluelotus1789#0,Pamela_Pammy123
1.31E+18,samflav1936#0,iwachi_yua
1.31E+18,ban_02478582#0,santos_jeeh1
1.31E+18,sylvanas7274#0,kibodberland
1.27E+18,shebbie9078#0,Samkelesammyk1
1.31E+18,corruptedpixl1834#0,Supaa_Steve
1.31E+18,baalzach5840#0,calandra05
1.31E+18,driftzhyper132090#0,calistagunawan
1.31E+18,dinosmor859#0,pepitajimenez20
1.31E+18,takatto1707#0,_Snooklet_
1.31E+18,luxsarcadia8504#0,d4rkmagic
1.31E+18,pibbums3023#0,oladosuadam
1.31E+18,marcchep7636#0,cheekyaudry
1.31E+18,mowdeep6030#0,cheekyaudry
1.31E+18,yuber8f6939#0,AssasinoGamerBR
1.31E+18,beepboopeatpoop2293#0,SalsafiraP
1.31E+18,ler_ochka7399#0,LaneFunk
1.31E+18,formerlybuckmain8331#0,Hellen_Lin
1.31E+18,dumplings3845#0,pattyrawrm
1.31E+18,bigboto1762#0,yangmei27
1.31E+18,imaginelast5149#0,tewrealtobefake
1.31E+18,johanna2577#0,yangmei27
1.31E+18,framemable3839#0,tincyboi
1.31E+18,brenden0cool6417#0,SaraCassina
1.31E+18,victorb1304#0,AzizHisssin
1.31E+18,princeiruma3144#0,chippy77
1.31E+18,monarchstingy5286#0,DreaRussettSC
1.31E+18,huachimingo7691#0,riekki_taisto
1.31E+18,szczur13377150#0,OhPiya
1.31E+18,cluelesspanda4306#0,KaolyUrdaneta
1.31E+18,carswell6820#0,miro090306
1.31E+18,s13.guardianangel8162#0,EliteStLucia
1.31E+18,samsolo986350#0,mosa_amran
1.31E+18,hiyouka2355#0,KOIBARWITNEY
1.31E+18,portpancake18735094#0,Cheerchher
1.31E+18,paymax44487#0,Khotimah_Imha
1.31E+18,discodinosaur7138#0,NieshaTaeyang
1.31E+18,puddington9147#0,deboramendes88
1.31E+18,cata._.9279#0,struki10
1.31E+18,probablyraging9703#0,kookkikjrk
1.31E+18,danilocostap2632#0,trajado157_
1.31E+18,kineticcz4012#0,gamingElliottW
1.31E+18,mr.frosted1650#0,wahtamidoign
1.31E+18,kidflash9765#0,akaiiii12
1.31E+18,kokkong9369#0,Engineer0Raman
1.31E+18,suavebongo1048#0,ansari_momo
1.31E+18,rogu3_wrag33341#0,yuni_orange98
1.31E+18,igorexa643#0,tadamocomo
1.31E+18,lilvexican8562#0,juli_nining
1.31E+18,peckhamresident6117#0,summer1287
1.31E+18,sombrax1573341#0,King_of_Koi
1.31E+18,vertix55939#0,Carkersayshey
1.31E+18,renkinjs108#0,AnnaLodger
1.31E+18,yuizard6251#0,cristian971111
1.31E+18,mikeandike5639#0,MOSTAFA55686062
1.31E+18,meint488687#0,DivaAshley23
1.31E+18,dr.whoya9971#0,john12mike
1.31E+18,primitv1572#0,lukinhas_12loko
1.31E+18,princeslayer1430#0,nicoleestiandan
1.31E+18,bewhite321727#0,zenildo_20
1.31E+18,physonic2746#0,DianaFerreira86
1.31E+18,jobelxrd2851#0,nichola90966643
1.31E+18,glatiator5614#0,toycam166
1.31E+18,comparini9183#0,Vivian_1008
1.31E+18,kikohiro2195#0,ioanacorneacris
1.31E+18,amatoxiin4380#0,KelineSousa22
1.31E+18,filthynoise4621#0,UzerNilgun
1.31E+18,nubbyhd5330#0,Jeftero1
1.31E+18,bigvollkorn4292#0,9591352420a
1.31E+18,ankhnoire9402#0,Tannaka_Aka
1.31E+18,yoongbin66#0,luanaluna123
1.31E+18,pewdiepie974#0,HerySury
1.31E+18,eai9525#0,MMKayani
1.31E+18,kingevolved4840#0,benedictwanjal3
1.31E+18,nisimtheshampoo6349#0,kissmeBow
1.31E+18,arigoththegroovy3046#0,DarkTempation
1.21E+18,zvxjx_69346#0,DonnaBooth91437
1.20E+18,h9jgs_78427_21465#0,MalloryTon94690
1.21E+18,6nco_30929#0,shmsalshmos920
1.21E+18,6f1d_39612_42849#0,CleopatraM11280
1.21E+18,c2qg_72406#0,VictoriaHa77686
1.21E+18,zrd9l_05452#0,BooneEmmy26389
1.21E+18,gvys5_81361#0,SoniaAfrianhy
1.21E+18,adventurous_hare_96160#0,AnaCocaa
1.21E+18,cute_beagle_33633#0,velma_gret64332
1.21E+18,superretard0933#0,oda623ryo1
1.21E+18,saltrigger.#0,damlauslu2001
1.21E+18,forjador0690#0,matheuzynho_s
1.21E+18,szudl_93376#0,MyraUlrike92138
1.28E+18,bossyourself5704#0,gneakta3
1.28E+18,tylerwhitespeare1799#0,azrilazim14
1.28E+18,zachcvh1772#0,Elis81886332
1.28E+18,bonsai_tree8140#0,Tjwigg30blastTh
1.28E+18,furocious1166#0,prpic7
1.28E+18,yessnow1134#0,KzlarnGunlugu
1.28E+18,epicccc5164#0,B9224
1.28E+18,bjornmonc7130#0,deepan_60379
1.28E+18,phillipballs123827#0,14571b97c8b545e
1.28E+18,ghostsissy9996#0,pinkypants4
1.28E+18,rafinha_anovelho4183#0,kelyaneoctave18
1.28E+18,chronelie1480#0,EdaEdasonuvar
1.28E+18,decloacked1232#0,gracehuntress
1.28E+18,nervoso8693#0,RonaldoSamuele
1.28E+18,jomdaloc2094241#0,matthieubo
1.28E+18,digitaldunse4871#0,luuism2
1.28E+18,ancorager4766#0,Buseztr12584721
1.28E+18,ponza1123154#0,AnnaKar41626991
1.28E+18,daddylongleggs5261#0,ArianaPicole123
1.28E+18,chr0med8055#0,andreitaylaura
1.28E+18,spurtle7423#0,128Yuuka
1.28E+18,meansc112604#0,Liar_DOREI44
1.28E+18,beefism739#0,Het1Patel
1.28E+18,phoenix_king884775#0,naren4721
1.28E+18,cokedecola1309#0,lula12ja
1.28E+18,realtired2533#0,fuentees777
1.28E+18,orboonposk9086#0,Tomo01270128
1.28E+18,theglazeddonut6119#0,syou06757968
1.28E+18,voidside9101#0,syou06757968
1.28E+18,cozmicc1924#0,jobis78
1.28E+18,edpoopstuff3021#0,Oxygen_82
1.28E+18,matrex074595#0,rajukachhap1
1.28E+18,kdpurboi520#0,jenschiess
1.28E+18,queenwholesome5199#0,juvava_18
1.28E+18,exozeed9060#0,SarMerve52
1.28E+18,insannity953#0,plam1256
1.28E+18,mighthem3440#0,Febriany_
1.28E+18,thanothilia6420#0,King_Moth
1.28E+18,greenboi8542#0,burak_karasu03
1.28E+18,andrei_4125#0,julio28cesar
1.28E+18,crimsonzero5527#0,rajeshin_08
1.28E+18,asamuchi8816#0,Kezzybrown1
1.28E+18,lifeisbrutal7217#0,sorayamoraga
1.28E+18,niconicomei6723#0,1_hayat
1.28E+18,omarthani7210#0,Nirwikara
1.28E+18,d4mnboii9350#0,dolphy_dol
1.28E+18,hamandcheese6423#0,alacious13
1.28E+18,fenomah2150#0,Hermosa33Linda
1.28E+18,bardamu3409#0,louselaw
1.28E+18,gatstudents7568#0,joannefooym
1.28E+18,natedeygreat4704#0,nining_swetty
1.28E+18,damon747366#0,dbcjkjx
1.28E+18,urygusik8740#0,FARMANQURESHI1
1.28E+18,scripted5099#0,leticia95328760
1.28E+18,shadowmoo5052#0,FranziMayr
1.28E+18,drblobert7970#0,Natfrancese
1.28E+18,dogekingthebest8994#0,lolita91jaber
1.28E+18,gravityz7468#0,roquebenitex
1.28E+18,jjtheblackarrow3846#0,kiiko464910
1.28E+18,zombie8888363#0,LaerciaValeria
1.28E+18,bakedfishsk4992#0,LovelyMerab
1.28E+18,cerealflipper7396#0,454519mk
1.28E+18,sethaustin7870#0,darkangels_1990
1.28E+18,willyjeon3317#0,vito_ldc
1.28E+18,ttalgi_xoxo94#0,siisii76
1.28E+18,zero_j278049#0,ilvolo_2015
1.28E+18,csongix2974#0,AEengineer1
1.28E+18,jesuslovesme7248#0,memenicz14
1.28E+18,gsyntax7476#0,Emmanuelajala2
1.28E+18,oracle4772#0,mariazu201426
1.28E+18,yewet.el.capo6803#0,Ipul_MaxcharieV
1.28E+18,themaplecrusader2700#0,tambemmariana
1.28E+18,justbeingaloosh9418#0,kim_khalifah99
1.28E+18,hezee4shezee9773#0,amlilintao
1.28E+18,motherofmeat186#0,ArshadVillan
8.32E+17,longjuanfeng6642#0,chumito01800
1.07E+18,parkeyzzzawesome#0,ysfsosyolog
1.07E+18,elireax#0,mzellexfoufoune
1.07E+18,elowna.#0,xcaptiv
1.07E+18,doyla_#0,cocavui
1.07E+18,artworia.#0,hamadalsewedi
9.87E+17,jasonnft.#0,ja__so
8.27E+17,flora7808#0,StephanyAyuba
1.21E+18,vividendi.#0,ChandaCarl60903
1.27E+18,gigarayzor2025#0,PhaelMarquesPH
1.28E+18,aquamanalper7393#0,kornelia_sandra
1.27E+18,mrlogistic8508#0,swedezix
1.28E+18,hotdog800773#0,Danieldippy
1.28E+18,fastmanuk9181#0,Bessy_bes123
1.27E+18,doctor_dystopia4457#0,AFCKildrum
1.34E+18,perygang462#0,https://x.com/perrygang462
9.03E+17,tuan1402.#0,https://x.com/mray21crypto
1.25E+18,cindy_cindy01_74777#0,dani247g
1.31E+18,sporsho_roy19#0,sporsho_roy19
1.13E+18,g.a.d1323#0,5ft_K1NG
9.00E+17,behzad0052#0,behzad50735276
1.35E+18,atyahoodotcom7409#0,CamieJeric16424
1.35E+18,flipguy618#0,marshal2442
1.35E+18,kallras3974#0,prettyp75
1.34E+18,get_drunk4920#0,tjap76
1.25E+18,sakilouth42322#0,yui10408529
1.24E+18,eduardocamavinga99#0,SUZYbae23467983
1.25E+18,ryodan.75076#0,makeTTWW
1.35E+18,simplicity1157#0,mahendirank
1.25E+18,oofayush32231#0,ashftmaite
1.34E+18,triplecreate2225#0,MyongX26736
1.24E+18,notiilt71418#0,SharieZaid6208
1.24E+18,einwortspiel246953#0,merve_dirdir
1.24E+18,blankmuse39937#0,ArnaudDenisRemi
1.35E+18,jasonikakis132#0,_maeghanokeefe
1.24E+18,cheesecake88255#0,DineoMatheko
1.35E+18,makishima2548#0,GiaToni230925
1.24E+18,idante52127779#0,YandLuphYanr
1.25E+18,hellishelk4369#0,MVertie48562
1.25E+18,pfchider32407#0,wilcarvalho_
1.35E+18,bbg_youtube4764#0,casey2theisa
1.24E+18,toonyflo28782#0,meehaz
1.24E+18,zorared80503#0,ArlyneSeli89644
1.35E+18,benneb1998#0,AngelynGly20398
1.24E+18,tehfallensaiint78289#0,MlleSmiling
1.24E+18,randomcgibblets25671#0,VuceticNatalija
1.24E+18,lafrost58257#0,ramirahab
1.24E+18,dashient81781#0,martinacappello
1.25E+18,beanisntok94532327#0,LisnaGm
1.24E+18,sheriffsnek13062#0,SammyShawa46411
1.35E+18,medusa_31058048#0,MFloretta61209
1.24E+18,thirtythree3552#0,MilliePitts5
1.25E+18,scotty1013585468#0,Dell_Wood
1.25E+18,alejaja1829471#0,RealCyrusPersia
1.25E+18,braincells7737#0,jesusvilla9422
1.24E+18,purple_imposteeerr91793#0,juliano_juligol
1.25E+18,hinanomiyako65765#0,adorkablefalsee
1.35E+18,infolink6010#0,JeremyRola51311
1.35E+18,idciambored4934#0,odelia11896
1.25E+18,plataoplomo13681#0,ColettaBlo15584
1.24E+18,freddymercury92307#0,bonytoes
1.35E+18,evtvnvzjv8184#0,gimgisung90
1.35E+18,justdendes6722#0,DimasAnasas94
1.35E+18,minustalos7472#0,saundra_ki52379
1.35E+18,imperius1369#0,AnamariaBi1146
1.25E+18,phoenix_cosplay825041344#0,erinn28650
1.28E+18,supermangomelen431#0,asd123123haha
1.35E+18,c0sgrove492#0,DeyzhaAshantae
1.35E+18,uncle_kuku6067#0,scottbowman17
1.24E+18,rambuci45452#0,Ahmad0057Gddghh
1.25E+18,karenmybby99234188#0,dpedrin_
1.24E+18,lucidposeidon85136#0,GabbyDube
1.35E+18,siderushed5901#0,ozkanbakan1
1.35E+18,boogaloo901322#0,isalunamina
1.35E+18,glatinet6186#0,zashu17
1.35E+18,sausageman702025#0,kvrckkkk_
1.25E+18,marcola64646#0,CG_ustika
1.35E+18,dr.ketchup1425#0,DarleenKay55177
1.24E+18,milkyman102785217#0,AYabagi
1.25E+18,anoobjamz459539170#0,KRosalva25988
1.35E+18,pyntehat4087#0,jessylema01
1.35E+18,ki_smudgy9434#0,dabitch_deprada
1.25E+18,sixflip63691#0,Azad555Azad
1.35E+18,happydemon1255#0,tashia12245
1.25E+18,hobojeff89645#0,pablocobo11
1.24E+18,catchurbullets20618#0,ikachristinep
1.34E+18,iplaywithdeath4374#0,dsoshl
1.25E+18,rids_1aviv20055#0,cdinx61931523
1.25E+18,marsmarino33798#0,SexysMisIdolos
1.25E+18,sugarak1s45678#0,7eNa7a
1.24E+18,zerogravity32913#0,PokSanora4346
1.25E+18,kingsvn62922#0,JoyRebbeca75777
1.24E+18,walnut.40540#0,DinahsInteriors
1.24E+18,exbleative97196#0,ZakiVieira
1.24E+18,dannybmw20575#0,LorinaMona4463
1.25E+18,aussienutz90182#0,CindaRache38879
1.24E+18,thescuffeddog69645#0,ma_cristina_ns
1.25E+18,banerock28120#0,EveliaPame34672
1.35E+18,gwenieviere4201#0,BreanaHee29290
1.35E+18,coolhuman6786#0,BelenRosea11967
1.35E+18,uoow7357#0,MayeSheron
1.34E+18,tader_salad8210#0,MaymeViole98021
1.35E+18,scarldoc7519#0,AiJuliette81963
1.35E+18,xntiredorlazy6140#0,1ethanhunt2
1.34E+18,beangene1407#0,agils77
1.35E+18,maisimp648984#0,Aaronlandstad
1.35E+18,kraizivboy6947#0,HaileyKimb52147
1.35E+18,johnpanner4873#0,jovan_taty46752
1.35E+18,lordfabled8679#0,CassyMered90802
1.35E+18,kenajmon9581#0,TCassi14255
1.28E+18,designedfrags8220#0,StarSandee95452
1.35E+18,dfleague3837#0,rosetta_su881
1.35E+18,christmasjohnwick8802#0,KelleyAndr92238
1.34E+18,jacky_huang172003#0,ArdeliaMae91407
1.35E+18,redyokono63#0,menouer95
1.35E+18,rayyanyusuph2707#0,ElenorNeli25590
1.35E+18,jhoreton6067#0,sandee_gre29769
1.35E+18,pankrap4711#0,ReathaR65346
1.03E+18,victorewor1#0,VictorEwor1
7.55E+17,cusimallm1nh#0,cussmall
1.13E+18,0xdebby_#0,deborahbams
5.15E+17,tonmoyislam#0,tonmoyislam03
1.09E+18,kickkme1234#0,oracle841837471
9.36E+17,mun87whaezt2m#0,kristell_0311
9.35E+17,9qkx18slxsbxd#0,lalagirl2018
9.35E+17,stcdwumtsni#0,chavezdany130
9.31E+17,eikr1i7c2l#0,xreadbioxx
9.35E+17,e8pdk8gkc9m4804#0,kokushikan_lax
9.36E+17,v7hh7sfn98#0,Camrambam_1225
9.35E+17,wkpwhqld30vyj#0,basebal22602913
9.33E+17,wjje3u6ou#0,adellina_adell
9.62E+17,rxfj2x5hyar#0,StarjarsYe
9.33E+17,s73zcq8bph#0,baqir_mariam
9.35E+17,b6ifck3q4ycbn#0,DermawanAbi
9.36E+17,gc8kkstmb#0,shinta_afriyani
9.35E+17,w6ubk34p5kt86971#0,mcoy11
9.36E+17,fpv8m1ywl1#0,kaylynnnicole95
9.35E+17,754gmatvcp#0,kondou_love
9.35E+17,8kfck612mq9378#0,GloryLissa
9.31E+17,42l8cvxtcao8#0,Cenera_Always
9.36E+17,gdd3atrfc8870#0,OrawanBaitoey
9.35E+17,z0wbv0yln#0,NoviaSimatupang
9.31E+17,cr3t2o8xyjyh7#0,KyaraMendonca
8.95E+17,finkded#0,Finkded
3.23E+17,sucimaru#0,sucimaru_
9.14E+17,aminmad#0,0xaminmad
4.15E+17,webdev0852#0,webstudiolink
7.00E+17,tranam_#0,tranam_
1.29E+18,chiilll_guy#0,@irghiprata68915
8.69E+17,nomadyam#0,YamNomad
7.19E+17,hienbn#0,luuhien996
1.08E+18,papalalas#0,papalalas
1.10E+18,leila.sh#0,Sev5ca
8.40E+17,dungnguyen4031#0,@DuGno01
1.24E+18,bapxaobo0100#0,@HoangSolpha0
9.66E+17,0866759153#0,@Tobi02061
1.38E+18,zunbetta231#0,@ShenHO06
5.85E+17,gababa2319597#0,@Oogway36
4.51E+17,imsybejs#0,kenshiin47
4.05E+17,saltyyema#0,saltyyema
1.02E+18,akattack16#0,Akattack2
1.22E+18,zillygumo#0,@zelarnzdo005
6.83E+17,tupamaros#0,0xSonno
1.09E+18,graviton2#0,gravypto
8.86E+17,kesgin#0,Oxkesgin
1.09E+18,bonten_esq#0,Bonten_Esq
1.05E+18,kolofah#0,alphagodandking
1.36E+18,dekekincaid3095#0,ricky0196
1.35E+18,cream3.143582#0,willyobispo
1.35E+18,brimstoneboy2806#0,ivandeceron
1.36E+18,darkwolfhun1909#0,dottibil
1.36E+18,buziuzi209913#0,magcc7143
1.36E+18,disturbedtk9885#0,eiquan
1.38E+18,valravanos6206#0,jearpeca1980
1.35E+18,monstrinho9671#0,erikasarchioto
1.37E+18,momintrollet7617#0,jan4o0
1.37E+18,bigbaddaboom849#0,tokcanyildirim
1.38E+18,bobbythesponge2751#0,xfhuyh
1.38E+18,khyoune6138#0,emyvgj
1.37E+18,protayne619#0,xiaomei5046
1.37E+18,anasianhobo9514#0,gitalietto86
1.37E+18,alphabexx1134#0,ahquispec
1.36E+18,kingnkm3110#0,antoniocasaroto
1.36E+18,calorote8288#0,Jiloma
1.38E+18,section9646#0,turkyscross
1.36E+18,wadexklutch4608#0,iTuffy
1.38E+18,nailkita2123#0,sebringel
1.38E+18,maistens6464#0,mika_lolo_yoya
1.37E+18,ezpzlmnsqzy3140#0,naina_CK
1.36E+18,honeyboy8917#0,massory
1.38E+18,daddydman673#0,askicinvarim
1.37E+18,noodledood691886#0,fluffyfalcon
1.37E+18,flavito3410#0,mozasimanjuntak
1.37E+18,josephh9267#0,yourockm
1.37E+18,anon1mouz1773#0,koffiland
1.38E+18,sapowa27497#0,dazstone3
1.38E+18,schieri4417#0,abelbusti
8.53E+17,fext123#0,<@853397017924599819>
1.21E+18,v0ided_madness77612#0,wemerson1983
1.21E+18,insertaghere92072#0,janayaangel
1.21E+18,deadecho1509#0,roxanabegum
1.21E+18,dangerdave82274#0,asprocik
1.21E+18,mor14rty_18034#0,silvanacp32
1.07E+18,tode1450#0,lparent06
1.07E+18,1nuko.#0,stelioskaramo
1.07E+18,1wastak3n#0,jugo3101
1.07E+18,theleaner.#0,kimza5959
1.07E+18,khazmunelaken.#0,toddlvlnd
1.07E+18,ben652603#0,gabrielayves
1.15E+18,crypto_dave_3rd#0,FabricWeaver
1.15E+18,crypto_dave_3rd#0,FabricWeaver
8.93E+17,misha1985#0,@misha85a
9.08E+17,billx.sat#0,bicevipri
1.19E+18,0xihor#0,0xIhor
3.38E+17,plebeybob#0,Plebeybobs
9.99E+17,hdm368358#0,DaraeiHossein
9.99E+17,hossein7491#0,Richard_Enzo96
9.77E+17,jimmy9177#0,Cryptogang88
7.59E+17,blackhareknight#0,@chianca_caitlin
7.70E+17,kinryu02#0,kinryu02
1.38E+18,donjarno5170#0,briannajoki
8.99E+17,avinsmith#0,tranaiht
1.08E+18,papalalas#0,papalalas
1.37E+18,brokencondoms4306#0,https://x.com/ericksonnet/status/1950231878012981349
1.36E+18,samthesupremelord4522#0,minalvaghani
1.37E+18,shorty180452671#0,paulrostronbcfc
1.38E+18,edee_tv5547#0,Itxaso3pa
1.37E+18,isavage3509#0,kraftoria
1.38E+18,larence1571#0,truffwyy
1.38E+18,ronaldoprorobloxer4230#0,ljasminejade
1.38E+18,philosophyz2577#0,paosanjavier
1.38E+18,blackyz8181#0,Allison_Devis
1.35E+18,haikazu942#0,sisagent
7.00E+17,tranam_#0,tranam_
1.36E+18,danielderzic3382#0,katlenwakim
1.36E+18,sickingpsycho1798#0,yikeyao0807
1.37E+18,xsmeggers938#0,brancotista
1.37E+18,alonewolf.8564#0,aaziz_saad
1.36E+18,jamminsammy2525#0,gutiedadir3
1.36E+18,nicholasdiamond506#0,Miley_Teams
1.38E+18,tristamii3723#0,vezzy_khalifa
1.38E+18,einthemidle7536#0,kadutacicha
1.37E+18,crackdani1711#0,angrathayse
1.35E+18,nedradhe8611#0,aydodk
1.37E+18,sinquary1870#0,diwwwa
1.36E+18,caprellid1648#0,bandaodysseya
1.36E+18,everseeking1922#0,pinsedeno
1.36E+18,nocturnal3030#0,bartvdburgt
1.37E+18,mrnobody9920#0,lkesp
1.38E+18,dontain1059#0,joellefeghali
1.37E+18,sclidous1644#0,silviopovre
1.37E+18,aymanzy8284#0,3bodzCraft
1.37E+18,nightshade375613#0,valenva03
1.37E+18,benneb6329#0,ryo3tbfsw
1.36E+18,spagedy8811#0,baykennelly
1.37E+18,noodledood691886#0,edi13061
1.37E+18,flavito3410#0,colram70
1.37E+18,josephh9267#0,lzhxb0423
8.40E+17,jarvis779#0,Magnonk909
1.26E+18,duong251201#0,25tranducduong
1.37E+18,anon1mouz1773#0,coopnasty3
8.94E+17,rexa302#0,rexa302
1.00E+18,oxvalox#0,oxvalox
8.30E+17,chiefdahunsi#0,dahunsitemitope
1.09E+18,oxamire#0,Oxamire
1.03E+18,taiwo6006#0,Taiwooluwapelu9
1.13E+18,garry2224#0,enthusiast_96
1.27E+18,amandamariejohnson#0,ApdoApdonwar
1.27E+18,ashleygracesmith#0,wolfcutecute
1.27E+18,carolineelizabethbrown#0,EzenwatuIfey
1.27E+18,danielleannwilson#0,LucyMinato
1.28E+18,charlotterosedavis#0,malbayiaty
8.75E+17,dejavu9580#0,Hunter_cuan_dll
1.27E+18,elizabethgracemoore#0,Lukeshlookme
1.27E+18,emmamarietaylor#0,HatersOfBella
1.29E+18,graceannanderson#0,Ggggg71023433
1.26E+18,hannahroselee#0,nuruladibah13
1.34E+18,isabellagracehall#0,samfrench1282
1.34E+18,jessicaannclark#0,goldnuke10
1.34E+18,katherinemarieking#0,firliandescor
1.34E+18,laurengracewright#0,FifiAfn
1.34E+18,meganmariegray#0,AgujetasCLaguna
1.34E+18,michellegracebell#0,1022Rolito
1.34E+18,natalierosemurray#0,SPYAIR_RioR_
1.33E+18,oliviaanncollins#0,Julia_pantojaS
1.33E+18,paigemariereed#0,Corretamente2
1.34E+18,rachelgracebailey#0,i_akira12
1.34E+18,sarahrosemorgan#0,franadegas1989
1.33E+18,averymariesmith#0,1229Ayane
1.33E+18,blakejamesjohnsona#0,sigure__00
1.33E+18,caseyelizabethbrown#0,NaO_0513_
1.33E+18,charlieanndavisr#0,rikkylinden
1.33E+18,dylangracewilson#0,brennanholliste
1.33E+18,elliotmariemoore#0,NingiShabalala
1.33E+18,finleyjamestaylors#0,ZulianH
1.34E+18,jordangraceanderson#0,joao_0212
1.34E+18,rileyannhall#0,444Sro
1.34E+18,rowangraceclark#0,kyriewalker14
1.33E+18,skylermarieking#0,soueuigor
1.34E+18,taylorgracewright#0,prwalacesantos
1.33E+18,quinnmariegray#0,DipperPineTree_
1.34E+18,sawyermariemurray#0,grudgexo_
1.33E+18,sidneygracecollins#0,CicaDourads
1.34E+18,steviemariereed#0,juant1979
1.33E+18,vaughngracebailey#0,acongmilanista
1.33E+18,wintermariemorgan#0,KxB_GC
1.33E+18,emmanuelchristophers#0,brastonhodge98
1.34E+18,nathanielbenjamine#0,chagas_iara
1.34E+18,sebastianalexanders#0,lexibuns12
1.33E+18,theodorenicholas#0,fifa15traders
1.34E+18,maximilianaugustus#0,marijuan14
1.34E+18,juliandavidsons#0,Nathmaia1507
1.33E+18,benjaminthaddeus#0,Kathinkka
1.34E+18,christophermatthewa#0,IndraIndrabatik
1.33E+18,alexandertheodorer#0,Luan_Msk
1.33E+18,nicholasemmanuels#0,miiihaaa0512
1.34E+18,xinyuwan#0,nigata_edo
1.33E+18,yuxuanming#0,mico_rose99
1.34E+18,zhangzichenhao#0,antonio_bnk89
1.34E+18,mingyuangang#0,anjelly_denvils
1.34E+18,yuxuanze#0,Jordan_colaz98
1.34E+18,shuxinyue#0,renren123ren
1.33E+18,manxiuran#0,NorviewCO2012
1.34E+18,junchuhan#0,JonathanMarco8
1.33E+18,siyingxuan#0,yudai1021j
1.26E+18,hanyuchen#0,Devi_Aryme
8.52E+17,shakthi6189#0,SH_AKTHI
1.19218E+18,0xihor#0,0xIhor
1.03226E+18,taiwo6006#0,Taiwooluwapelu9
3.37996E+17,plebeybob#0,plebeybobs
8.98576E+17,avinsmith#0,tranaiht
8.21383E+17,thanhcdtdc#0,ThnhV497282
1.13678E+18,molvmo#0,Tonysoprick
1.37474E+18,tedfromted6931#0,intruff
8.9956E+17,zhoudiandian#0,septihuri
1.37371E+18,supbijes6330#0,kallil_crespo
1.21819E+18,nautogn39#0,ARNF1981
1.37846E+18,yoav_kaneti1838#0,renatamachadom
1.37684E+18,dr.ace8770#0,daphineluise
1.08254E+18,noob2711#0,LAChroniclesRPG
1.36427E+18,noderundng89#0,noderun2025
1.36519E+18,fatman9809#0,juanmaguevara
1.37758E+18,sirkevin4038#0,walcomcarl
1.37584E+18,popcorn1231039398#0,styxman77
1.3576E+18,victorl8818#0,yisusote
1.37839E+18,drklayton8023#0,jceron41
1.35504E+18,darkerererdoge5328#0,rachulio
1.3607E+18,sk1pzzz6671#0,omarvilchez03
1.37023E+18,mazloum8752#0,monivior
1.37835E+18,yisusel7067#0,xrumers995156
1.3528E+18,murdizzle4864#0,martinalexi2010
9.98685E+17,hdm368358#0,DaraeiHossein
9.98689E+17,hossein7491#0,Richard_Enzo96
1.12323E+18,.vladkor89#0,Vladkor55
1.17655E+18,jonny.hoang_94082#0,@hoang_nghia1610
1.01781E+18,qtien224#0,Tieen111
1.0697E+18,crypto_leopard#0,Kavun76718255
8.40163E+17,ehsan289#0,@toktiol
1.24193E+18,francio88269#0,v_vertuan
1.24767E+18,meatchip1395241#0,tantri_nona
1.24855E+18,blackstar2662234#0,JoelleMary14826
1.24843E+18,frosbyte46398#0,MarnieMikk21122
1.24167E+18,stormstate97607#0,CorinaDari96058
1.24913E+18,otakusenpai1691#0,IdaNickie61687
1.24236E+18,vlad03214661#0,RolandaGer6145
1.24579E+18,pieninja712722864#0,LaneLavern85181
1.24058E+18,mr.foxy3031#0,tkwakili
1.27725E+18,juniper3223#0,simplyasian17
1.27725E+18,apearsy4950#0,JulianA18293575
1.24152E+18,spetsnaz86608#0,CasieIleen73802
1.27725E+18,alvalku2280#0,LisandraBe89065
1.24257E+18,hdawgboo14261#0,CherieJoya
1.24049E+18,ikutabikdu91912#0,BillyLaver81320
1.25025E+18,fluffyfatuus48066#0,nell_talia87057
1.2436E+18,phiabunny83466#0,Shella20479607
1.25079E+18,copperdex83410#0,joya_shay70094
1.24163E+18,lumanona5534#0,selina_gin27462
1.24569E+18,alpha_cja45491#0,Jessica49862474
1.24175E+18,blueblitzer57415#0,AGaynell58165
1.24582E+18,joebreezy39067#0,TenishaHie39171
1.24546E+18,gemevolution4734#0,MirquelloRanyy
1.24179E+18,mackseatgaming84920#0,fam_boki
1.24204E+18,confucious37382#0,young_jane66287
1.24253E+18,incognegro75520#0,DeirdreZel30349
1.27262E+18,liliande5371#0,guerregrao
1.2426E+18,nawaf50548433#0,GeorgeChar54329
1.27725E+18,baz_b996497#0,JTwanna98899
1.24641E+18,legendx50810#0,HMarchelle67301
1.24574E+18,saswatmohanty40728#0,AnnDavis429636
1.24527E+18,theacex87012#0,LeanneKath45117
1.25022E+18,eipyknip8670#0,MelissaMor14114
1.24261E+18,chee_dev3876#0,KLoralee23859
1.24279E+18,yuval160593475#0,maribeth23222
1.24857E+18,hoursofdarkness30627#0,MairaMarie43459
1.24311E+18,diplodankuluskid57892#0,EbonyB17279
1.24582E+18,zachdabold9678576#0,SookLuis83514
1.27725E+18,bossgodliko4309#0,DawnJones260459
1.24856E+18,corvectal11794#0,MorganErin64514
1.27725E+18,cody_banks5999#0,ValentineR15438
1.24715E+18,superpeeks76087#0,PokTanja28322
1.24854E+18,bodyfeint37696#0,KatieDonal64271
1.25068E+18,atticusis1059617#0,TinaMarque73849
1.24996E+18,kendyfishy83206#0,JoelleKris31257
1.24189E+18,alphawulf4lyf79304#0,BebeLanora65282
1.24717E+18,arkaivs20713#0,GwynethJa18000
1.24682E+18,macedonianboggi43947#0,delila_sha56523
1.24543E+18,white.mym78762#0,NanaSung249297
1.24675E+18,captainpotato86478#0,FMyrtis55267
1.24334E+18,angel_dust38880#0,LiviaCelen5255
1.24428E+18,chocolatez67064#0,maribeth8167
1.24149E+18,riptidesan50335#0,XGrayce48850
1.25069E+18,oddieowl20714#0,MerilynMan65311
1.24441E+18,braysonisalone.97782#0,LenitaNiki22113
1.24286E+18,bellerophon1349269#0,ChelsieV65648
1.24283E+18,steltic68377#0,CythiaIda85077
1.2455E+18,mamushkadeath47573#0,kyle_shae34823
1.24987E+18,czlowiekdemola71589#0,KendallDes88259
1.24466E+18,k3rm1t.4823#0,ViolaMagda72954
1.24548E+18,mayflower772831652#0,tobianonwachukw
1.24622E+18,kiruyxan57513#0,JannaElsy96667
1.2422E+18,robloxsex69812#0,ZelmaEstef68178
1.25039E+18,ninjademon81699#0,rmustika122
1.27428E+18,gienkoskyyrozdziai6827#0,EstefanaLe10136
1.24988E+18,frivvsosa46626#0,CatriceTal69935
1.25068E+18,kerenax64299#0,JosephE73439
1.24115E+18,itzbahb57956#0,KathrineTe44974
1.24053E+18,stctater36763#0,yong_kyoko33140
1.25065E+18,rs1.jew32344#0,AngelaG257976
1.24515E+18,squidweed577355885#0,HeleneMana63376
1.24593E+18,palirolka64515#0,JulietteMu69202
1.24582E+18,anatoliytsvetkov62869#0,theda87335
1.24679E+18,byteexception18867#0,dalila_cha65879
1.24287E+18,volcanzigi58547#0,melissa_cl8205
1.24983E+18,noinimodma99549#0,JJenine48159
1.24453E+18,naathen48850#0,BillyTrudy74102
1.24154E+18,deavolk7044#0,MarryAlesi41168
1.24223E+18,giraffethegod44445#0,DVertie76982
1.24391E+18,wolfwood84225#0,FlorettaSu74743
1.24355E+18,xalwayshi8o8x868813208#0,NellSelma97558
1.25041E+18,lynnybinny5036#0,RosieCanda4347
1.24764E+18,pinkyoshi771697#0,leos2isabella
1.24093E+18,vaccine52418#0,JeanaTroy80069
1.24999E+18,reokumaurer15695#0,JRaguel10724
1.24702E+18,depretto69611#0,homyhummo
1.24754E+18,lindaru47844#0,KarleenSyd51303
1.24514E+18,stassybossy91870#0,InocenciaG70494
8.76023E+17,hmd7ai#0,CoreySnuff
1.0822E+18,papalalas#0,papalalas
8.39509E+17,jarvis779#0,Magnonk909
8.99932E+17,behzad0052#0,behzad50735276
1.10066E+18,leila.sh#0,Sev5ca
8.94183E+17,rexa302#0,rexa302
9.39991E+17,gorbako#0,WIXgjMd211o7Bsj
1.1337E+18,garry2224#0,enthusiast_96
8.93624E+17,maolewei#0,RachelSumaya
9.45841E+17,huangfeihon1#0,MarediMogashoa
9.04009E+17,shaolingshi#0,migueladeras89
8.98437E+17,zhangheih#0,cyp_mgnmgn_bot
9.48347E+17,zhoumingye#0,jg_hora
8.92638E+17,zhangweig#0,wchsyearbook15
9.00606E+17,wutain#0,bintangingrid
9.46787E+17,chengmiaom#0,restii_agustin
9.03267E+17,huangtiao#0,taisei10221rock
1.00445E+18,oxvalox#0,oxvalox
1.09207E+18,oxamire#0,Oxamire
9.46893E+17,shiyulai#0,PorrasMarroquin
9.45461E+17,lingnahu#0,71obaman
9.46588E+17,chengmini#0,ecu_andres
9.0196E+17,huanglaika#0,Kyle23Miller
9.46592E+17,lingshengl#0,Ask125_baseball
9.45687E+17,zengmiltian#0,PilleriLorena
9.4552E+17,lingfeiyan#0,lovelive_cotori
9.45722E+17,mouchengzhen#0,11tomaE24
9.45603E+17,xiaoleitia#0,ifa_fairytail
9.03601E+17,lingmaotian#0,CCornelesz
9.46883E+17,cassiodorusa#0,BinhoElber
8.92217E+17,aurelianusa#0,schonewille805
9.02046E+17,maximilianopolis#0,CalvinW02
8.93021E+17,constantinianus#0,gokceyakar
9.39796E+17,theodoricusti#0,NathanGarrity5
9.02825E+17,leopoldusye#0,3Santacruz
9.05466E+17,emmanuelusu#0,ancafe123watar
9.43002E+17,octavianusw#0,yoonaah_im
8.93195E+17,philippusu#0,ogw0505
9.46652E+17,demetriusai#0,swagger_jr_123
8.95E+17,billtc#0,memegoai
9.44376E+17,dz80808#0,ShiSanBear
9.3973E+17,lionhearta#0,Bonekasetan_JKT
9.45923E+17,frederickya#0,hijiri10281028
9.48108E+17,pepinuss#0,ceinnrichards11
9.02579E+17,winstonta#0,nick_Keller97
9.00864E+17,horatiuti#0,F_complicada
9.03934E+17,plantagenetr#0,GlittersQuote
9.48722E+17,shakespearewu#0,AliAlbaar
9.46758E+17,christopheruso#0,mizu_poohsan
8.91373E+17,gottfriedpo#0,Iqbaali_D
8.93007E+17,beethovenbn#0,leaaahGG
9.03167E+17,tuan1402.#0,https://x.com/mray21crypto
9.44416E+17,zzkl0z#0,xianyudeMia
8.39859E+17,dungnguyen4031#0,@DuGno01
1.23949E+18,bapxaobo0100#0,@HoangSolpha0
5.85486E+17,gababa2319597#0,@Oogway36
9.6639E+17,0866759153#0,@Tobi02061
1.37984E+18,zunbetta231#0,@ShenHO06
7.41015E+17,mouseng20#0,mouseng20
9.29955E+17,mark_47730#0,cbcmed
9.2996E+17,sebastiansu_#0,jricardoceb
9.80523E+17,michael081.#0,mtechelect
8.30006E+17,chiefdahunsi#0,dahunsitemitope
9.3005E+17,crypto_juli#0,Ju1i_crypto
7.87101E+17,debby7049#0,debbyebiz
1.33889E+18,otong001#0,otongclint56732
8.26715E+17,westt121#0,westt121
6.79022E+17,ditsy22#0,crypto_ditsy
9.44376E+17,ishowhakkaii#0,ishowhakkaii
8.10804E+17,lz.d3n#0,@4ngxbt
1.29212E+18,ompueme18#0,irghiprata68915
1.11085E+18,qprecious296#0,rovendisc
9.00057E+17,olayemi#0,@Abdulaleem38178
1.21095E+18,yanjuchen#0,lixuan_chen
1.02058E+18,xuantran3667#0,xuantran3667
1.1099E+18,heisfrancis#0,heisfranciss
1.363E+18,dekekincaid3095#0,ricky0196
1.34882E+18,cream3.143582#0,willyobispo
1.35102E+18,brimstoneboy2806#0,ivandeceron
1.35809E+18,darkwolfhun1909#0,dottibil
1.09302E+18,kickkme1234#0,oracle841837471
1.36095E+18,buziuzi209913#0,magcc7143
1.36489E+18,disturbedtk9885#0,eiquan
1.37904E+18,valravanos6206#0,jearpeca1980
1.35476E+18,monstrinho9671#0,erikasarchioto
1.36864E+18,momintrollet7617#0,jan4o0
1.37085E+18,bigbaddaboom849#0,tokcanyildirim
1.37959E+18,bobbythesponge2751#0,xfhuyh
1.37946E+18,khyoune6138#0,emyvgj
1.37108E+18,protayne619#0,xiaomei5046
1.37064E+18,anasianhobo9514#0,gitalietto86
1.37422E+18,alphabexx1134#0,ahquispec
1.36093E+18,kingnkm3110#0,antoniocasaroto
1.36499E+18,calorote8288#0,Jiloma
1.37599E+18,section9646#0,turkyscross
1.36023E+18,wadexklutch4608#0,iTuffy
1.37994E+18,nailkita2123#0,sebringel
1.3762E+18,maistens6464#0,mika_lolo_yoya
1.37224E+18,ezpzlmnsqzy3140#0,naina_CK
1.35959E+18,honeyboy8917#0,massory
1.32159E+18,alanttadm0700#0,iyvwj31563481
1.37672E+18,daddydman673#0,askicinvarim
1.37223E+18,noodledood691886#0,edi13061
1.37028E+18,flavito3410#0,colram70
1.37421E+18,josephh9267#0,lzhxb0423
1.36831E+18,anon1mouz1773#0,coopnasty3
1.37881E+18,sapowa27497#0,dazstone3
1.37726E+18,schieri4417#0,abelbusti
1.21309E+18,eason___#0,XQianKong
6.08115E+17,saamoraii#0,Samoraii0I
1.31663E+18,mwasim_16059#0,Wasim_fwk
8.99968E+17,alexanderjamessmiths#0,aakash999666
9.4551E+17,benjaminrobertjohnson#0,ru_ki4
9.4645E+17,christophermichaelbrown#0,vinayB86
9.03164E+17,davidwilliamdavis#0,RozeMarshMallow
9.46886E+17,ethanthomaswilson#0,w0oDyThinkeR
9.00222E+17,jamesedwardmoore#0,asiapiwo
8.93398E+17,michaelandrewtaylor#0,LilahFoley
8.9135E+17,williamcharlesanderson#0,VladaIlic03
9.45782E+17,robertjohnlees#0,ramazkamashidze
8.93034E+17,josephpatrickhall#0,jashpillay
9.45465E+17,johnmichaelclarks#0,NicoleThirkles
9.46152E+17,andrewdavidkings#0,vinayakishore
9.04345E+17,danieljameswright#0,NaqiyevElvin1
9.02765E+17,matthewthomasgray#0,SusanaAparicio
9.45714E+17,christopherrobertbell#0,arnettrn
9.03013E+17,georgealexandermurray#0,JustInsideIdeas
9.48537E+17,stevenmichaelcollins#0,kelbyomeara
9.14904E+17,anthonydavidreed#0,Alezytha999
9.35662E+17,paulwilliambailey#0,Duubeeduu
9.45767E+17,thomasjamesmorgan#0,Avraas
9.46707E+17,richardedwardscott#0,Samm280592
9.03603E+17,charlesmichaelturner#0,MindySliter
9.47963E+17,jonathandavidevans#0,BobSmulders
9.05481E+17,kevinrobertdean#0,Nelldina
1.27082E+18,brianjamesprice#0,BrittineLynn
1.27027E+18,jasonmichaelcarter#0,NithinKasa
8.99454E+17,jeffreyalanryan#0,kazukifr
8.96979E+17,garyedwardwalker#0,InsSGCosta
9.00231E+17,raymondcharlesbennett#0,DjailJoko
9.45646E+17,lawrencemichaelhill#0,larae3535
8.92221E+17,sarkisianni#0,Den_Baguz16
9.02855E+17,witherspooni#0,Thabile91583523
9.00114E+17,madonnatu#0,Jawaher_alrogi
9.45535E+17,witherspoonti#0,ellie14rimmer
9.45529E+17,thunbergaai#0,ciro_cordoba13
9.45537E+17,mebarakri#0,H7814Lionkazuki
9.48398E+17,franklinai#0,thebigstep1
8.99442E+17,dickinsomi#0,qmena1
9.45793E+17,katharineo#0,thnoo1414
8.97151E+17,hepburnk#0,08amunot21chi
9.03508E+17,donaldjamesmoore#0,maishamuziki
9.46691E+17,ronaldedwardking#0,RikCoe
9.47948E+17,kennethrobertbailey#0,tin_flores
9.48122E+17,douglasmichaelgray#0,shuqng
9.21764E+17,stephendavidcollins#0,Tara753
9.02669E+17,edwardjameswright#0,huxuesong119
9.00132E+17,haroldmichaelbell#0,SenshiTo
9.02832E+17,carledwardmurray#0,Werdnarox
9.0342E+17,terryalanreed#0,BeeUnite
8.98384E+17,rogerdavidturner#0,Godzillaisking5
9.12325E+17,amandagracejohnson#0,Gfry2007Fry
9.03574E+17,ashleyelizabethsmith#0,jimpachy
9.45694E+17,carolinemariebrown#0,Sassysam93
8.98233E+17,charlotteanndavis#0,ChrieckJumbo
9.05596E+17,daniellenicolewilson#0,bstood1013
8.93182E+17,elizabethannmoore#0,Rhonda_Merrill
8.99442E+17,emmagracetaylor#0,olivernordh
8.9269E+17,graceelizabethanderson#0,NeilCooper94
9.04123E+17,hannahmarielee#0,c_j_l_0
9.45454E+17,isabellarosehall#0,Nanalinaa
9.45476E+17,zenobial#0,AAlbertoaroca89
9.39691E+17,cleopatraoi#0,camero_cristian
9.56246E+17,suzhohuan#0,@0415egawa
9.02279E+17,elizabetju#0,ShaYoli85
9.02683E+17,yutheriwu#0,bryoniedixon12
8.9697E+17,alexandrinapo#0,Kassie_bear1D
9.46558E+17,isabellatiao#0,IgorCosta190
9.45986E+17,windsorp#0,zinta_ginoga
9.16599E+17,elizabethoi#0,BekaDjire
8.92365E+17,johanssonpi#0,YunitaSarra
9.48111E+17,knowlesm#0,leo_boeyoenx
9.00288E+17,jessicalynnclarks#0,PSolarik
9.03151E+17,katherineannking#0,JayJaygirl365
9.47313E+17,laurenmariewright#0,laxmanchauhan88
8.93258E+17,meganelizabethgray#0,malakrooh0
9.45558E+17,michelleannbell#0,jovanjordan4
8.97075E+17,nataliegracemurray#0,sugarcrush246
8.92988E+17,oliviarosecollins#0,glennieking71
9.00181E+17,paigeelizabethreed#0,kekebaddie33
8.91678E+17,rachelmariebailey#0,Lizah_Cute
9.03519E+17,sarahgracemorgan#0,Shella_Dewiie
9.45875E+17,berthaevelyn#0,Baske1101Itojun
9.45906E+17,winifredclara#0,BritneyGorgeous
9.48308E+17,philippaella#0,animesegamess
9.05425E+17,gwendolynnora#0,rin_roon
9.48217E+17,eleanoyu#0,MhmdAini21
8.93257E+17,gwendolynisla#0,oktaCLOUDS
9.04117E+17,berthamila#0,ireno_santos
8.94158E+17,gertrudecamila#0,ojofemi93
9.45489E+17,winifredluna#0,imperialchina15
9.57596E+17,suzhofa#0,@bellisoreos
9.51907E+17,liaohuilang#0,@zahier_zarres
9.45575E+17,zhuxuang#0,@chaudiamond
9.37283E+17,zhuchoba#0,@castille614g
9.00863E+17,matildamargot#0,vebeejay
9.45399E+17,berthaelizabeth#0,debbydride
9.45435E+17,gertrudeharper#0,youngDoneDada45
9.05248E+17,gwendolyno#0,VictoriaAnnja11
9.39711E+17,philippaamelia#0,dogscutedogs
8.99537E+17,eleanoralayla#0,fuensi26
9.15562E+17,winifredsophia#0,info_comunio_
9.02112E+17,eleanoralily#0,patryyy21
9.00184E+17,alexandramarieturner#0,Salshakidiw
9.45919E+17,gertrudemia#0,AninhaCR14
9.0348E+17,gwendolynemily#0,mmkppaim
9.05464E+17,sophiaannscott#0,relaxdah
9.00864E+17,brittanylynnevans#0,Folinkwa
8.93557E+17,philippaclara#0,gbelena98
9.036E+17,christinanicoledean#0,AbdiSanjoyo
9.03412E+17,deborahannprice#0,hdshbsbs
9.45792E+17,eleanorrosecarter#0,Novanfaradilla
9.00184E+17,evelyngraceryan#0,avendanokyla_24
9.46956E+17,gabriellamariewalker#0,Cucunurohman1
8.93271E+17,zofiakatarzynanowak#0,thebestpjo
8.91576E+17,isabelgracehill#0,smustafa446
9.56145E+17,chengsansan#0,https://x.com/yoshiyoshi1189/status/1953742122236166471
1.0273E+18,zhouyingfa#0,https://x.com/mariabukhari554/status/1953742125230944535
9.56353E+17,suzhozheng#0,https://x.com/wg6640/status/1953742130322846185
9.56382E+17,licuangzhen#0,https://x.com/fraoltade/status/1953742143777886362
9.45607E+17,wangzhengzheng#0,https://x.com/wij_n/status/1953742146193752280
9.56458E+17,liaokoze#0,https://x.com/SCDPASTORIZA/status/1953742164439314685
9.45497E+17,fengdengxio#0,https://x.com/salahvirvsatwa/status/1953742162224611447
9.57601E+17,chengyingen#0,https://x.com/zeroooo500/status/1953742158529269781
8.99549E+17,gwendolynskylar#0,NurfitriC
9.05653E+17,philippahazel#0,CyprusFilmDays
8.92986E+17,eleanoralucille#0,BernatOscar
8.96976E+17,winifredcharlotte#0,ChubbyLieyna
9.48282E+17,berthaisabella#0,ChubbyLieyna
9.05572E+17,gertrudecami#0,RizkiaKarlina
9.04417E+17,berthadaphne#0,Rapsultan_ym
8.96953E+17,winifredlydia#0,alvonerss2014
9.43073E+17,eleanoraluna#0,DododAlie
8.924E+17,matildaeloise#0,hamaemon35
9.0363E+17,juliamariemoore#0,MutiaIrhamna
9.46674E+17,leahannking#0,carlyncook71
9.45851E+17,madisongracebailey#0,cwlee1642
9.45434E+17,melissaanngray#0,v
9.45506E+17,nicolemariebell#0,s_oukaiina
8.99477E+17,rebeccalynnmurray#0,PliCristalWg
9.46939E+17,samanthagracecollins#0,Guecintaelo67
8.96953E+17,taylorannreed#0,lhorhenzten
9.03392E+17,victoriamarieturner#0,Mibeefy
8.93183E+17,zoeelizabethwilson#0,bilalibrahim21
9.05498E+17,winifredisadora#0,__ryusei_f_818
8.91341E+17,eleanoralorel#0,NewsFacebook001
9.03974E+17,gertrudeconstance#0,akis_samaz93
9.45536E+17,philippamagnolia#0,july28_viviane
9.39842E+17,philippaevangeline#0,Berend_Roskam
9.03975E+17,gertrudeamelia#0,Roshanda93smith
9.4586E+17,berthaserenity#0,IHateLohgan
9.43047E+17,gwendolynisabella#0,yayahzakiah26
8.9438E+17,matildamelanie#0,dominopizza251
9.39821E+17,gwendolynveronica#0,toyo_law2014
9.62055E+17,chenxiaodang#0,@PrincessMafia_7
9.5634E+17,xucangliang#0,@si_sisisisis
9.57704E+17,xusuangyi#0,@belajarujicoba
9.51875E+17,hangjianyun#0,@emillybal1
9.57564E+17,linzeenc#0,@rikafebiyanti96
9.57661E+17,zhangtengyu#0,@yulita_gunawan
9.56245E+17,hangyuntao#0,@harpynex92
1.28302E+18,philippaevelyn#0,Ayaka_1025bsk
9.57626E+17,linliyingzi#0,@SiteRPW
9.51955E+17,huanglihang#0,@gyoubu125
9.56348E+17,wangxiuzheng#0,@notelebay
1.27008E+18,gwendolynscarlett#0,1968Faez
1.28216E+18,matildalillian#0,Paco_Valles260
1.2708E+18,eleanoralauren#0,mizuki0821mizuk
1.28412E+18,winifredphoebe#0,Mission_Child
1.28363E+18,gertruyu#0,CuletsXx
1.28361E+18,winifredlilith#0,IXA_SPAMUZA
1.26872E+18,berthamelody#0,joshuaroks16
1.27028E+18,eleanoralucinda#0,ferdiko_elbarca
1.26E+18,gwendolynbrielle#0,SEFAPerformance
1.26101E+18,eleanoraloretta#0,nelsonvinas
1.28361E+18,gertrudecor#0,Nailler1D
1.27045E+18,winifredconstance#0,/set_twitter
1.28795E+18,berthamagnolia#0,miss_khanyi_123
1.26885E+18,philipparoseanna#0,cocoi2425sp
1.2822E+18,matildamargar#0,glendaasoares
1.26986E+18,gwendolynisadora#0,ChuwaBchuwa
1.27089E+18,philippaelizabeth#0,faidani_arlita
1.28725E+18,gertrudesophia#0,JoannaMonserrth
1.27051E+18,berthadahlia#0,ShunWatanabe07
9.62057E+17,xuzhangcheng#0,@jamshed599
9.37291E+17,wangzaiyi#0,@firmansyah_jmr
9.37287E+17,wangtingyung#0,@freelance5678
9.37293E+17,linyongying#0,@marielaynez21
9.56246E+17,wangxuwei#0,@budakkampungpna
9.37284E+17,zhujialing#0,@sameersalim98
9.62083E+17,wangjuncong#0,@ags_rahadian
9.57763E+17,liuluoming#0,@enebment
9.62099E+17,zhangqingmiao#0,@WeHeartsBio
9.37293E+17,zhangjingy#0,@sarailovesroyce
1.28612E+18,berthaeloise#0,SarahKsa123
1.26937E+18,gertrudevivienne#0,darrencairnie
1.27076E+18,winifredisla#0,shikah_saud00
1.27051E+18,seraphinayu#0,HKVOnsEibernest
1.2604E+18,zaydenioo#0,takumilol1
1.27033E+18,eleanoralilyana#0,yumoyumo_arashi
1.26049E+18,matildamelania#0,beautyjazz15
1.28296E+18,gwendolynphoebe#0,inaka_sinobi
1.26647E+18,matildamaro#0,sahraa_binar
1.27021E+18,gertrudesopo#0,miya_naru1215
1.27454E+18,christopherdq#0,SolantySpice
1.2685E+18,nathanielpo#0,Cosmos_TKD_bot
1.27061E+18,theodoto#0,0118andMei
1.26117E+18,maximilianiu#0,taylorbates01
1.2708E+18,emmanuelpoq#0,salyuai
1.26278E+18,sebastianrtw#0,Chistes_frases2
1.28612E+18,benjaminsfo#0,sarona_alnahdi
1.26861E+18,alexandergui#0,oscargonpiera
1.28407E+18,augustinexv#0,KikiGaduk48
1.27369E+18,constantinelo#0,marinah1477
1.26938E+18,margaretpoa#0,keisha_hoowwyuu
1.26876E+18,palmyrai#0,nasiru_shehu
1.26007E+18,murphuju#0,matui_1226
1.27103E+18,theodoruo#0,fealves67
1.27089E+18,constantinia#0,AkikaSmile0526
1.27039E+18,benazirio#0,Ryo_makkoi
1.26643E+18,morganopa#0,CharterZia
1.25998E+18,reynoldsia#0,S_hatsumi123
1.27052E+18,cameronkl#0,_Ingrislayne
1.27011E+18,newmanla#0,anamariano19
9.36669E+17,lingjingjie#0,https://x.com/OnikaNdukwe/status/1953746508677059046
9.57623E+17,nisiweng#0,https://x.com/wil64n_4rya/status/1953746511470440716
9.56208E+17,xujiayangw#0,https://x.com/yaraasir/status/1953746514200682612
9.57595E+17,baifuhui#0,https://x.com/dirtbikederby/status/1953746527555600683
9.57663E+17,bailinniao#0,https://x.com/dsdaliaa1/status/1953746530302931343
9.57701E+17,lihuofu#0,https://x.com/ykebv/status/1953746571222470711
9.56377E+17,qiangyuncheng#0,https://x.com/putricahyya/status/1953746557251334539
9.57762E+17,yingyingcheng#0,https://x.com/yogiaditya_01/status/1953746555086725235
9.6219E+17,chengxiyi#0,https://x.com/SIKILEX/status/1953746549772890582
9.51859E+17,sijuhang#0,https://x.com/zeyadalaa26/status/1953746534312686000
9.45791E+17,averyjamessmith#0,kaylaw16112
9.45755E+17,blakeelizabethjohnson#0,jeck_sporrow
8.99962E+17,caseymichaelbrown#0,HikmahHastuti
9.00186E+17,charlieanndavis#0,taengssin
9.02947E+17,dylanmariewilson#0,morganacltr
8.99467E+17,elliotgracemoore#0,Michuobae
9.0536E+17,finleyjamestaylor#0,pathanafroz900
9.35656E+17,jordanelizabethanderson#0,japple1324
8.98294E+17,kendallmarielee#0,jillianlong24
8.942E+17,rileyrosehall#0,kandiskelly40
1.33487E+18,theodosiusm#0,manolyam64oguz
1.33093E+18,benedictusjj#0,HornyNekoGirl
1.33941E+18,aristophanpo#0,tkmmai1128
1.33777E+18,constantinuso#0,khikie_setiaa
1.33291E+18,maximilianmiyu#0,mdshafi99834612
1.33365E+18,demetriusni#0,amassi_alref
1.33053E+18,octavianust#0,masudalove_news
1.3376E+18,lysanderui#0,wesleymazuhi
1.33984E+18,evandeboa#0,SabriAltkulac
1.33441E+18,cassiusoc#0,JoniboJuan
9.00566E+17,rowanlynnclark#0,kainpatton
9.02823E+17,skylerannking#0,nala_dk
9.4581E+17,taylormariewright#0,peqajeviregywy
8.9956E+17,quinnelizabethgray#0,MassudMussa
8.96977E+17,reeseannbell#0,maythameng
8.92217E+17,sawyergracemurray#0,pijuky2708
8.99419E+17,stevieannreed#0,cozezonykuqot
9.03375E+17,vaughnmariebailey#0,emad5069
9.46003E+17,wintergracemorgan#0,ahmadakbari1974
8.98486E+17,sidneymariecollins#0,frasesofrases
9.46088E+17,sijingjin#0,@jhovelyumang
9.5645E+17,chengjingjin#0,@lovu001001
9.57583E+17,lijiangji#0,@ammaralnjaarr77
9.5642E+17,liaozhengjiang#0,@vinnaafriyani
9.37286E+17,duoziteng#0,@Yuniartyyy
9.5763E+17,chengjiangyi#0,@nhokcuong1998
9.62255E+17,wangziguang#0,@hamid1214121
9.56447E+17,zhuziteng#0,@michael_022807
9.5639E+17,xumingzi#0,@jahed822
9.5642E+17,xutianliao#0,@LovelyGirl_FC
1.33766E+18,philomenapo#0,Lee_sucii
1.33556E+18,constantiajk#0,Naruto_UzumakiR
1.33741E+18,seraphinaul#0,lferreirax
1.33755E+18,genevievelo#0,Kelly_Wilson77
1.33325E+18,evangelinelo#0,gisele_pintanel
1.33578E+18,rosalindpo#0,Vinny_HS96
1.33424E+18,mathildawu#0,jacethwong1
1.33895E+18,gwendolyncu#0,yr59cy1130
1.33912E+18,melissandraji#0,shortymontiel
1.32974E+18,magnoliako#0,aril_sepet
1.28339E+18,aidenjamesscott#0,NabilaAnisa5
1.28309E+18,briannaelizabethturner#0,shakhaaja
1.27032E+18,cameronmichaelevans#0,ismaila4luv
1.28331E+18,dakotamariedean#0,leepatrick800
1.25764E+18,emerygraceprice#0,Fanganto36
1.28187E+18,harperjamescarter#0,syondwight
1.27028E+18,jordynelizabethryan#0,SaffwaanM
1.27011E+18,kartermichaelwalker#0,nidhichanna
1.25998E+18,lennonmariebennett#0,MeloUkaBiyahh
1.27076E+18,parkerjameshill#0,danicagrgasin
1.33584E+18,madisonhn#0,braun1949
1.33619E+18,emersoruo#0,4278nene
1.33092E+18,theodosil#0,dayat_syarief08
1.33715E+18,beatricevo#0,nanami4025poko
1.34026E+18,veronikayu#0,carkarol3
1.3332E+18,penelopeni#0,kirian_marie
9.56222E+17,nimeiwa#0,@mlutfan47
1.33345E+18,mackenziezd#0,Brunno_4lves
9.51933E+17,chenliaozi#0,@yusrilnurd
1.33495E+18,cameronfu#0,W4one_
9.373E+17,liaoxuzi#0,@patty_penny
9.5756E+17,zhuowezi#0,@dedcatur
1.33919E+18,jordansdi#0,Abcd1028
9.37223E+17,zhouyiwe#0,@jaysinbi
9.56274E+17,chengjingdeng#0,@Oreendaleee
9.56251E+17,linyongzi#0,@lnfinitekim
9.57578E+17,liaoyimi#0,@emmaefeonline
9.37298E+17,zhuoyiwo#0,@rendi_s10
1.33634E+18,kennednis#0,DewiiAdelina
1.28303E+18,roryannmoore#0,JasmineAmissah
1.27043E+18,sullivanmichaelking#0,RobertWesley22
1.26664E+18,wesleygracegray#0,Nirwanaahh
1.28874E+18,zionmariebell#0,kristinestewa47
1.28866E+18,alessandrojamesmurray#0,dezmid4
1.27446E+18,bennettrobertcollins#0,stevennakpoint
1.27096E+18,emiliarosereed#0,jbstheintro
1.26964E+18,giovannimichaelbailey#0,babar_aliali
1.26035E+18,julianamarieturner#0,coramartin91
1.25636E+18,mateojameswilson#0,littlershay
1.33984E+18,charlemagneui#0,SharenaFClub
1.33548E+18,torunensis#0,gonzalez851027
1.33462E+18,makedonios#0,masayuki_h88
1.33915E+18,senatorij#0,A_BoraSISTAR1
1.33642E+18,augustusyu#0,123Kedigc
1.337E+18,propertiusl#0,HamiltonCarine
1.3389E+18,germanicnu#0,GeorgeTwinsLA
1.33232E+18,claudiusaz#0,KSaeRonMR
1.33947E+18,augusuml#0,BVLGARI1998
1.3354E+18,odoaceruscb#0,protegekid23
1.33101E+18,targaryengk#0,JohnsonKysean
1.32961E+18,pakistanh#0,Ibu0703Ri
1.3356E+18,theodorahu#0,AkaSekaowa1
1.26047E+18,alexanderwilliamrobinson#0,sundaygriffin96
1.33969E+18,cleopatralf#0,rhuan_stewart
1.28645E+18,benjaminthomasedwards#0,ahmadsunardi902
1.33286E+18,alexandrinat#0,blakefraser_
1.26104E+18,charlesmichaelmurphy#0,iqwan_ozil
1.33466E+18,johanssonas#0,rafalozano16
1.26642E+18,danielrobertparker#0,IsrialMaburo
1.33744E+18,winthrofu#0,jump_akari
1.33421E+18,vanderbilthu#0,rikuyaDX
1.26333E+18,ethanjamesmitchell#0,agustinanurul30
1.33954E+18,montgomerymo#0,hailey_napier4
1.33786E+18,blackwoodjo#0,Annisa_LatePost
1.28171E+18,franklindavidharrison#0,enas_al91
1.2705E+18,gabrielandrewbaker#0,jessekpo
1.28341E+18,henrycharlesadams#0,RichloveTuffour
9.57777E+17,caoxiaozi#0,@YonatanNamboru
9.57683E+17,caoxiaomi#0,@AmoodBaloch
9.57722E+17,caoyiyu#0,@pgri90
9.3729E+17,wuxiaolan#0,@GraceNrk
9.5778E+17,suxingyia#0,@UeeKiyud
1.28173E+18,isaacbenjaminwilson#0,momalmalik125
9.54477E+17,tiaozisuang#0,@odjegbatetsoma
9.54564E+17,chenghuihang#0,@genjohn56
9.56341E+17,linzidang#0,@hiromatodd
9.54548E+17,zhangjunshang#0,@devionitaa
9.37297E+17,huangsiqing#0,@hemabassam17
1.26997E+18,jamesedwardtaylor#0,myongrobinson47
1.27083E+18,jonathanmichaelcollins#0,mzoriking
1.2833E+18,kevinrobertmoore#0,Noktiwi
1.26111E+18,lawrencedavidking#0,AgnesSilawati
1.26011E+18,matthewthomasbell#0,LOAA_TA55W
1.25998E+18,nicholasjamesgray#0,saqibsaleem05
1.26879E+18,olivercharlesreed#0,canidamichelle
1.27015E+18,patrickwilliambailey#0,nindyalama
1.27392E+18,richardedwardturner#0,Elvihana15
1.27027E+18,samuelmichaelcarter#0,xxl865
1.27103E+18,thomasandrewryan#0,RismaAmadis
9.62199E+17,shijuhang#0,@Lena_denim
9.56387E+17,lingzihai#0,@hanan_ahmed2013
9.57686E+17,liojuqi#0,@santosmaeshei
9.54525E+17,zhuojingwei#0,@Donmorikomo4
9.51929E+17,qiangruichen#0,@yyahya207
9.62072E+17,qianlizheng#0,@ZalvaNaura
9.37299E+17,dengguangxu#0,@mhmdsyria125
9.36679E+17,xielaojun#0,@Wafiq_azz
9.56243E+17,zhengyangcheng#0,@sjenkins1199
9.56119E+17,yangzitiao#0,@AssyrafSahab
1.27034E+18,amandamariejohnson#0,ApdoApdonwar
1.2703E+18,ashleygracesmith#0,wolfcutecute
1.26715E+18,carolineelizabethbrown#0,EzenwatuIfey
1.2818E+18,charlotterosedavis#0,malbayiaty
1.26584E+18,danielleannwilson#0,LucyMinato
1.27264E+18,elizabethgracemoore#0,Lukeshlookme
1.27043E+18,emmamarietaylor#0,HatersOfBella
1.28683E+18,graceannanderson#0,Ggggg71023433
1.26014E+18,hannahroselee#0,nuruladibah13
1.3392E+18,isabellagracehall#0,samfrench1282
1.33592E+18,jessicaannclark#0,goldnuke10
1.34018E+18,katherinemarieking#0,firliandescor
1.33757E+18,laurengracewright#0,FifiAfn
1.33932E+18,meganmariegray#0,AgujetasCLaguna
1.33725E+18,michellegracebell#0,1022Rolito
1.33628E+18,natalierosemurray#0,SPYAIR_RioR_
1.33232E+18,oliviaanncollins#0,Julia_pantojaS
1.33328E+18,paigemariereed#0,Corretamente2
1.33767E+18,rachelgracebailey#0,i_akira12
1.33804E+18,sarahrosemorgan#0,franadegas1989
9.57585E+17,zhuochuchu#0,@zacscritter
9.57732E+17,liaoliaomu#0,@aldval384112
9.36708E+17,guangdengzhen#0,@CickyCicks
9.37243E+17,hangzhanglie#0,@ryota112777
9.57713E+17,baisihui#0,@green__maniac
9.57569E+17,bailiqing#0,@vierajonathancf
9.54575E+17,jiangyeng#0,@VictorHHamada
9.57699E+17,qiangzeyi#0,@MauroDiazzz
1.3349E+18,averymariesmith#0,1229Ayane
1.33016E+18,blakejamesjohnsona#0,sigure__00
1.33417E+18,caseyelizabethbrown#0,NaO_0513_
1.32962E+18,charlieanndavisr#0,rikkylinden
1.33323E+18,dylangracewilson#0,brennanholliste
1.33078E+18,elliotmariemoore#0,NingiShabalala
1.3328E+18,finleyjamestaylors#0,ZulianH
1.33585E+18,jordangraceanderson#0,joao_0212
1.33707E+18,rileyannhall#0,444Sro
1.33651E+18,rowangraceclark#0,kyriewalker14
1.33316E+18,skylermarieking#0,soueuigor
1.33613E+18,taylorgracewright#0,prwalacesantos
1.33239E+18,quinnmariegray#0,DipperPineTree_
1.33938E+18,sawyermariemurray#0,grudgexo_
1.3337E+18,sidneygracecollins#0,CicaDourads
1.33922E+18,steviemariereed#0,juant1979
1.32971E+18,vaughngracebailey#0,acongmilanista
1.33471E+18,wintermariemorgan#0,KxB_GC
1.33028E+18,emmanuelchristophers#0,brastonhodge98
1.33958E+18,nathanielbenjamine#0,chagas_iara
1.33539E+18,sebastianalexanders#0,lexibuns12
1.33366E+18,theodorenicholas#0,fifa15traders
1.33783E+18,maximilianaugustus#0,marijuan14
1.33714E+18,juliandavidsons#0,Nathmaia1507
1.33385E+18,benjaminthaddeus#0,Kathinkka
1.33584E+18,christophermatthewa#0,IndraIndrabatik
1.3317E+18,alexandertheodorer#0,Luan_Msk
1.33297E+18,nicholasemmanuels#0,miiihaaa0512
1.33955E+18,xinyuwan#0,nigata_edo
1.33313E+18,yuxuanming#0,mico_rose99
1.33797E+18,zhangzichenhao#0,antonio_bnk89
1.33917E+18,mingyuangang#0,anjelly_denvils
1.33926E+18,yuxuanze#0,Jordan_colaz98
1.33851E+18,shuxinyue#0,renren123ren
1.33245E+18,manxiuran#0,NorviewCO2012
1.34016E+18,junchuhan#0,JonathanMarco8
1.33232E+18,siyingxuan#0,yudai1021j
1.26019E+18,hanyuchen#0,Devi_Aryme
1.36073E+18,koltayoo_90533#0,koltayoo
1.0471E+18,.me2022#0,mehdiss666
9.44416E+17,dorianlxa#0,KuaileMinxi
9.15118E+17,mmoly.#0,FREELY_NFT
9.1512E+17,jiaojiao5912#0,Summer_LOVE9105
9.49597E+17,braveman5487#0,oi_marri
9.43106E+17,ox24047#0,damienssal
9.31254E+17,jobs123#0,attalpaloma
8.326E+17,tuuuu0#0,zhuzhuzmzm
8.32175E+17,lemontrrrr#0,laurajanedavis4
8.3227E+17,lucycat.0#0,fransalvador4
8.32622E+17,venus07.#0,donnadriessen
9.42696E+17,mmeiko.#0,corumstratton
8.9937E+17,lucyte444#0,prettyflypink
9.5055E+17,miyaa9#0,thecintia
9.26204E+17,anlily_#0,dboiaazzz
9.26149E+17,alisluha#0,paulagonell
1.01054E+18,sedloe#0,sed_0x
9.06809E+17,biibii0#0,regina_wenny
9.44971E+17,kaikai5859#0,dafengqixi
9.06809E+17,jusoo.0#0,grahamhodsdon
9.06808E+17,magicmac_#0,elteor2
9.26207E+17,aidi5#0,sashi_hc
9.06809E+17,skylere0#0,valeriaprinsex
9.29695E+17,markape#0,TheGatesofTime
9.29689E+17,nancyhape#0,Ushabaloni
9.297E+17,pig2421#0,stacbenoit
9.29699E+17,gregory1794#0,chobanopatmoz
9.29949E+17,suzanne1825#0,MarlyBlinder
9.29949E+17,mavac1807#0,zygrailmilo
9.29951E+17,gerry09541#0,tebotercasper
9.29952E+17,ferdinand1033#0,hellonayaaa
9.29954E+17,tinai1023#0,WALED_HUSIN
9.29959E+17,nft889125#0,Brz_Lopeh
9.29968E+17,zenoworld8884#0,MoonFlanggo
9.29969E+17,world6266#0,GBdFollow286
9.29971E+17,sakitama1864#0,fgjjgbjjjh4875
9.29971E+17,hualisipixer.club7521#0,tgurljaiden
9.29974E+17,pixer.club2287#0,ArisIpang
9.29975E+17,errol8433#0,ZlatiSlovenci
1.07968E+18,light_of_night8#0,light_of_night8
1.10529E+18,alfredone#0,Juuaan888
1.15705E+18,chagdalyhamid.#0,ChagdalyHamid
9.51815E+17,space_traveler7#0,spacetraveler23
4.94394E+17,alan21#0,0xkangliu
9.68097E+17,bobby3410#0,IChristiantus3
8.95324E+17,finkded#0,finkded
1.14745E+18,sollysam.#0,@sollysam_
4.64363E+17,mutecgold#0,super_mutec
9.76615E+17,jimmy9177#0,Cryptogang88
1.12513E+18,nikolass3046#0,Nikolas02311832
3.02539E+17,ash1wish#0,wkoacrypto
1.04369E+18,bashir6621#0,Y22148383mahmud
1.08264E+18,kksm#0,kkkk9333
1.37623E+18,donjarno5170#0,briannajoki
1.3738E+18,brokencondoms4306#0,ericksonnet
1.35511E+18,samthesupremelord4522#0,minalvaghani
1.37626E+18,edee_tv5547#0,Itxaso3pa
1.36636E+18,isavage3509#0,kraftoria
1.37879E+18,larence1571#0,truffwyy
1.37625E+18,ronaldoprorobloxer4230#0,ljasminejade
1.37683E+18,philosophyz2577#0,paosanjavier
1.37984E+18,blackyz8181#0,Allison_Devis
1.3548E+18,haikazu942#0,sisagent
1.36486E+18,danielderzic3382#0,katlenwakim
1.36064E+18,sickingpsycho1798#0,yikeyao0807
1.37007E+18,xsmeggers938#0,brancotista
1.37369E+18,alonewolf.8564#0,aaziz_saad
1.36312E+18,jamminsammy2525#0,gutiedadir3
1.36063E+18,nicholasdiamond506#0,Miley_Teams
1.37976E+18,tristamii3723#0,vezzy_khalifa
1.37838E+18,einthemidle7536#0,kadutacicha
1.36544E+18,crackdani1711#0,angrathayse
1.35272E+18,nedradhe8611#0,aydodk
1.37298E+18,sinquary1870#0,diwwwa
1.36431E+18,caprellid1648#0,bandaodysseya
1.36432E+18,everseeking1922#0,pinsedeno
1.35759E+18,nocturnal3030#0,bartvdburgt
1.37249E+18,mrnobody9920#0,lkesp
1.37953E+18,dontain1059#0,joellefeghali
1.37145E+18,sclidous1644#0,silviopovre
1.37195E+18,aymanzy8284#0,3bodzCraft
1.36704E+18,nightshade375613#0,valenva03
1.37247E+18,benneb6329#0,ryo3tbfsw
1.36468E+18,spagedy8811#0,baykennelly
7.11489E+17,viet5449#0,@Vietduong93
7.50948E+17,jutangkek#0,Tangjoo6
8.32237E+17,longjuanfeng6642#0,chumito01800
1.07219E+18,parkeyzzzawesome#0,ysfsosyolog
1.07219E+18,elireax#0,mzellexfoufoune
1.07393E+18,elowna.#0,xcaptiv
1.07219E+18,doyla_#0,cocavui
1.07219E+18,artworia.#0,hamadalsewedi
1.07393E+18,ben652603#0,gabrielayves
1.07394E+18,khazmunelaken.#0,toddlvlnd
1.07394E+18,theleaner.#0,kimza5959
1.07394E+18,1wastak3n#0,jugo3101
1.07219E+18,1nuko.#0,stelioskaramo
1.07392E+18,tode1450#0,lparent06
1.20866E+18,mor14rty_18034#0,silvanacp32
1.20859E+18,dangerdave82274#0,asprocik
1.2092E+18,deadecho1509#0,roxanabegum
1.20863E+18,draconicroselily74327#0,hashmisufi
1.20904E+18,insertaghere92072#0,janayaangel
1.20847E+18,v0ided_madness77612#0,wemerson1983
9.1512E+17,monarch9940#0,DX__DAO
1.12049E+18,noraa3007#0,Noraa525
8.93015E+17,misha1985#0,misha85a
1.19436E+18,gratified468#0,PROVE_nuel
9.57871E+17,agmohgx83ih#0,Edneudolima
9.57886E+17,m93tdd3n68gpd#0,GuuhBiebs
9.5941E+17,mgs46i9m2#0,GaliUdabe
9.37223E+17,liamndapp6279#0,faisl_777
9.5991E+17,241fop87o1230#0,JavierNegroMarc
9.44741E+17,z9pzi55dj2#0,tomii_haryoko
9.43569E+17,to9niir5301#0,DalrympleJen
9.59837E+17,thepossessed_bot9174#0,IRyeham
9.36394E+17,ali19957546#0,evasefue
9.44951E+17,rodrigobishop4057#0,DiegoValTur
9.59312E+17,pgusrnw5odb76800#0,arishee
9.4502E+17,yuctcifcqh9228#0,JorgeGD96
9.59928E+17,63fj4eskjh7869871#0,camppos_andre
9.59918E+17,thepossessed_bot6608#0,JuanCarossino
9.44787E+17,985by267dvd#0,_BritishBoy_
9.59234E+17,jonesebony0847#0,Crowbotical
9.58383E+17,duhast7723#0,___hkhk__
9.59269E+17,90q4tq7elp8348#0,21Timmer
9.58456E+17,bes7aj0boj1558#0,Bambi_nami
9.59341E+17,nkaqwlsl09828#0,SAboshogalenazi
9.59239E+17,ah2qcvataa7g93742#0,YahGngr
9.59993E+17,n0x3kfyq50583#0,QeeelSiilva
9.43549E+17,erica0347124#0,heliomypik
9.6005E+17,ydqbi8vd46qqu1272#0,xKusjeLauraax
9.58745E+17,4lje69ksekd09332#0,shake94x
9.44931E+17,amariwalters6366#0,denusandler
9.43416E+17,purpledr8945#0,ninzatnina
9.4498E+17,alexxer1485#0,ginaa_xox
9.5934E+17,lyy3gxfbtqkz3581#0,Luuanba
7.77104E+17,khoakhoa7056#0,@khoa01636308327
9.59169E+17,irvingshorter#0,Lizafallinlove
9.37291E+17,tootoo1830#0,jxthefeeling
9.57876E+17,czwt90sq0k#0,Mariiluh_cabj
9.59361E+17,bwk6qh69lyzf6728#0,carolineboudarg
9.59995E+17,9cjvryjybk7q8820#0,__kjbb
9.36663E+17,ll88zorinlfc7462#0,AmandaMartine97
9.58771E+17,wuddiy2624#0,Amanda_Co13
9.57911E+17,710h9uznev2936#0,azooozy555
9.37284E+17,mini772413#0,debbystampy10
9.57831E+17,contacthype1642#0,johnmiranda98
9.4495E+17,x6v1e8qt8k4933#0,ydahal53_yasmin
9.59961E+17,e9eleibu2#0,tiguizmo
9.59346E+17,jcu9nrpr8c50023#0,maisalati001
9.58626E+17,6his4vchlddxr2982#0,halitahalz
9.59882E+17,thepossessed_bot6216#0,monique81618405
9.60054E+17,cryptopump3591#0,hathal1122
9.5791E+17,tkwownp20d99t0555#0,kihdsteez75
9.58339E+17,2j0wvj0wn7231#0,canyoubelieved
1.03089E+18,xbfpojaguc4813#0,nenyuc7
9.60058E+17,cryptopump8079#0,irmanuriska2
9.59225E+17,cvzs12t0tw7s2039#0,kakaerwin1
9.44932E+17,marcupilami.sol7746#0,hearts245
9.60019E+17,bwn11waph9631#0,guidoditullio
9.5842E+17,n26cnl53q7v0573#0,eduardzhito
9.59883E+17,thepossessed_bot8966#0,devin_marcella
9.60008E+17,celestialsynaptic#0,romanodaniels
9.57759E+17,animefan0049#0,Chicklets99
9.57673E+17,2bee3zjpnn3006#0,AnWapo
9.59359E+17,gundhumwife9349#0,glentuner
9.45025E+17,29i3nv51syr0723#0,devi_azraini09
9.3666E+17,russellyookorunner8266#0,Ruben300698
9.44938E+17,az4jctirgk9fj6225#0,isadbieber
9.59949E+17,pfeu9euuhd8612#0,Alexeitri
9.59325E+17,tomwilson5984#0,andrew96s
9.59943E+17,alekha8yae8e4079#0,raquelbll
9.58418E+17,oaydxawfn7943#0,Canarios_Jaen
9.5977E+17,gba6yblzri0125#0,A0_0G1
9.59919E+17,zvvuc66n98b6051#0,stormieverett
9.44949E+17,sumayyasanderson9407#0,nickbuxton12
9.59931E+17,4puo73g173993#0,ia3545
9.59938E+17,xdnzdzqiialdw3101#0,21wanderlust
9.59863E+17,thepossessed_bot7699#0,SayBoriel
9.58825E+17,kam8atusle3320#0,Nahdyalarasati
9.43569E+17,bqopsal4934#0,rismaiw
9.59367E+17,disysatr7583#0,moepaper23
9.59233E+17,smwmlkhy14b186268#0,claaudiaa_98
9.51927E+17,9tgspnnc40w6012#0,LipsticBritt
9.584E+17,av6z6k70sjbcd4855#0,Betegoon_27
9.59992E+17,ai9pi7f2b#0,maxgonzalezc
9.58448E+17,ve6ylxevb153407#0,1D_hipster_plis
9.59415E+17,gzsjlfx1d7ud9294#0,miryamferguson
9.59859E+17,zhst6eij95g9701#0,bradoxwiemer
9.4493E+17,zv4fw4cxmhrlz2691#0,taylorcody3
9.59167E+17,asjsggqoagka40172#0,96_shosha
9.57862E+17,dal2lgu51oez6430#0,nastichkkkkka
9.58818E+17,r9zqjkfx1ede2751#0,muhammadreza_12
9.58757E+17,coocki231809#0,quilla06122010
9.57905E+17,7p1a3d08k#0,afitrianih
9.44928E+17,lexdeacon2550#0,micheala_baller
9.43727E+17,konkav6820#0,IePape_12
9.58784E+17,dinter7117#0,farahaida30
9.59875E+17,thepossessed_bot0426#0,cristinacarter3
9.44735E+17,ybg73gua2ha49656#0,pao_isis
9.59384E+17,i5ae9nkjm8304#0,Greyviis
9.44274E+17,r8e50dp50u7595#0,shoutmayday
9.58796E+17,8o017pdb62qz01316#0,DiZa5TeRxJungle
9.45659E+17,samara0280#0,yolofish1
9.37197E+17,scrue5094#0,kbug_2
8.96498E+17,graceatwork#0,Graceland002
7.5299E+17,tinhudson#0,tin_hudson
8.51509E+17,james_mr#0,Just_marhk
1.38166E+18,dekunft#0,https://x.com/0x__Deku?t=8kTaGLY7MCP8gT6GjUfqHw&s=09
1.09605E+18,shint5806#0,Shinaayotaiwo
1.03131E+18,dhextiny#0,Bams_Dhextiny
1.16168E+18,0xchrysolite#0,ola__debby
1.10344E+18,alphatrader_#0,onetrader01
1.37154E+18,yhfrightenikg#0,@iuqaisamx43415
1.37243E+18,qnmadelinenik8714#0,@jodhaomsingh
1.37201E+18,hfloyal42reorganizat#0,@hinzerhm684
1.37168E+18,jewellhaley69ww#0,@g5run52608m3m
1.37331E+18,sigmundhilll35qy#0,@JezzelPeralta
1.37196E+18,arnoldsanford34bx#0,@owasoliman11
1.37335E+18,nkshady34counterpart#0,@lailaloovtan
1.3732E+18,wpshady25eyeballrs#0,@wormannbernard
1.37199E+18,wtdameona1815#0,@putrarm69
1.37378E+18,lnflashy51misreprese#0,@SeenuhBucks
1.37356E+18,braxtonwalsh12py#0,@alitfauzy
1.37215E+18,ocindestrurn#0,@fffullofmyself
1.37214E+18,mzpsychicsurcqe#0,@julid51
1.37336E+18,sistale96activistph#0,@h0V6Sl8VYnB137
1.37355E+18,tatyanagreenfelder37#0,@trantrungtoi
1.37202E+18,tpfinished64residuej#0,@WackyCarigma
1.37148E+18,dvdry12jumpertt#0,@hfjdosks
1.37321E+18,uhthomasond1842#0,https://x.com/deveedee/status/1955307799237497134
1.37392E+18,vradversevivj_75308#0,https://x.com/nahellyk/status/1955307815280709637
1.37201E+18,mhbarren60reprocessi#0,https://x.com/quynh6151/status/1955307810448961806
1.37207E+18,sqalishafran5586#0,https://x.com/Chetrydipak0000/status/1955307805499592873
9.08163E+17,billx.sat#0,bicevipri
7.49248E+17,yahuze#0,0xmarkettrend
8.7615E+17,saeed6538#0,Madridd1902
1.12047E+18,linaa8915#0,Linaa414
3.88908E+17,vva2123#0,golftel
8.96791E+17,pandatel25#0,panda48084502
9.00746E+17,spradith6057#0,greent2525
1.39828E+18,smart_fem#0,unlocknext
8.42317E+17,amyfaith0025#0,perfectview000
5.92745E+17,jes6069#0,jesriley12
7.99633E+17,masteel_theotherdao#0,softflood
1.3709E+18,shorty180452671#0,paulrostronbcfc
1.0755E+18,valtair_adanaan#0,Valtair_adnan
1.12339E+18,sarahst#0,Sarahst264
5.87728E+17,bthdbitcoin#0,bv99z
1.30033E+18,bigpappy_1#0,oriyomi_4
1.39167E+18,banzu0633#0,Jasongordoiauda
9.54634E+17,kalantar7#0,kalantar2020
1.12048E+18,jamesy4973#0,James30470897
1.07642E+18,noting874#0,Shoaib1915
1.06325E+18,karthik232#0,Arfan42535097
1.28522E+18,bodmatrix_analyst_83514#0,OnoriemuB
9.17869E+17,bogieman__#0,Ibrahim_2053
6.65906E+17,bilbul8486#0,samariagotswagg
9.08086E+17,isaiaho123#0,imose_eth
8.94903E+17,luffy_hodler#0,luffy_hodler
1.26203E+18,antoniogonga#0,antnio_gonga
9.69585E+17,thedefisalesman#0,TheDeFiSalesman
1.33537E+18,reesegracebell#0,celligna98
1.12595E+18,freeman0463#0,Freeman17190141
8.42072E+17,cal1graphy#0,viewsvalidator
1.40368E+18,josein_0x#0,josein_0x
1.12881E+18,0xdebby_#0,Deborahbams
8.74878E+17,yaoyao8246#0,90_rsh
1.21926E+18,ikennah9#0,https://x.com/fa__da99?s=21&t=t-iDlincE6FeGhE9k3HOSw
1.24286E+18,kamushkyn#0,ychexoB
1.08965E+18,godofnothing0#0,godofnothingg
1.29509E+18,mary1_love#0,Latestmatch1
1.1349E+18,bhcrypt0z#0,Busybrain1379
8.85637E+17,jaysking9#0,thinh999999999
8.89253E+17,ochyz#0,krypto_jo
1.2863E+18,diatonomi#0,johnboscoamaobi
1.12949E+18,robinlight.#0,Robinlight32
8.98757E+17,headrabbit#0,@dhikaheadrabbit
4.08572E+17,ecamli#0,ekinoks_26
6.77802E+17,qilla_03#0,@Qillaaa786
3.50777E+17,novasko#0,novasko17
9.17756E+17,sadheeyq001#0,sadheeyq
7.98836E+17,nitanuj#0,anujiit1256
8.26304E+17,zurchonik#0,zurchonik
5.21661E+17,mpunkiller#0,mpunkillers
9.02521E+17,blessing9238#0,Udo12301230
1.37373E+18,nasman777#0,NarokaIbra88707
4.11924E+17,debythm#0,debakus1
1.35226E+18,sunnysky0895_24342#0,Oliver13158
1.03842E+18,regrace#0,amy_faithee05
1.20209E+18,binhtranva#0,binhtranva
1.13458E+18,tha_optimist#0,1ghanyy
8.34084E+17,mister_explore#0,mister_explore
7.10366E+17,maxalisan#0,0xzerogang
9.57577E+17,raymoney.#0,YakubAbdurrahm2
1.09391E+18,beansyoga#0,davemax009
9.27259E+17,0xshibun#0,naunu_naunu
8.67354E+17,gata2051#0,hoanguyen159389
1.04825E+18,hehe_ben#0,hehe_kev
8.24964E+17,richyempire#0,freeworldlead
8.84875E+17,alphax.web3#0,0xdfinity
9.69133E+17,nft_lover9340#0,0xengr_gudbee
5.79638E+17,tbapb6011#0,APut20353
5.0284E+17,danielvo102#0,HunterGuy102
8.06543E+17,ivan46#0,WaifuFi69
8.86692E+17,vishysrm_#0,0xVishy
1.09127E+18,nagaraj5714#0,Nagaraj06710393
9.59786E+17,vfragoso#0,https://x.com/vitorfragosoo1
4.09425E+17,3mperor_9#0,I_Am_3mperor
9.91162E+17,gamessmend#0,sandzcomeback
8.28655E+17,eqing.eth#0,koke_eth
1.0436E+18,nice21bettasui#0,@Naruto2001_
1.31053E+18,jabethgg#0,<@1310532908779438102>
7.09645E+17,loveeat.bnb#0,@Cipher_passage
9.33746E+17,brainbox0319#0,Plato1759
8.25689E+17,reguard.#0,cryptoreguard
9.38765E+17,cryptonaveen#0,CryptoNaveeen
8.86592E+17,smilekinq#0,smilekinq
9.97266E+17,tadle4arnel#0,<@997266309945491566>
8.30104E+17,0xegggg#0,babyyzh
1.33808E+18,davidgrammy#0,david_grammy
1.2223E+18,sarathi1310#0,sarathis214
1.06266E+18,abbagigo#0,@UmarIDR97364671
9.09326E+17,shazam5865#0,klayytyn
1.07103E+18,cherry623#0,cherryt623
8.94117E+17,klaxsiix#0,klaxsiix
8.88106E+17,fmusicmc#0,mr_satoshiii
9.98777E+17,pablomannyotm#0,h_eadboy
7.93503E+17,knut3640#0,benalpha919
1.17207E+18,kejan3612#0,@kejankrn
1.14257E+18,lucid455#0,Ox_Nuke
1.08336E+18,babybw0y#0,_malc0mx
1.31841E+18,jaeydrll#0,just_jaeyy
9.07412E+17,townmonk#0,ajigbotioluwa
9.10168E+17,morgenstern2990#0,TSunfyre
9.42261E+17,lawaladam67#0,lawaladam67
8.93359E+17,cryptomania22#0,0xarcbull
9.51176E+17,creambaby#0,GodOfCruz
1.03211E+18,hexawolf88#0,iqbalmaulay
1.13607E+18,mallamdawanke#0,ghostnot0x
1.04466E+18,ebuka_gmi#0,Ebuka_GMI
1.19868E+18,vengeance.11#0,paulknowsballl
1.24324E+18,beenaidreak#0,beenaidreak
9.50081E+17,reicanon#0,rei_canon
1.2415E+18,ennyola_oluwa#0,Eniolaami
9.31359E+17,favybristol#0,0x_omomeh
9.41342E+17,suny2110#0,JimsparkJoseph
9.70486E+17,ayoor_#0,ayothagoaat
9.69282E+17,peaceboy211#0,91cross
1.15239E+18,crypto_dave_3rd,FabricWeaver
839509069769342998,jarvis779,Magnonk909
894183226833260554,rexa302,rexa302
1082540310804054016,noob2711,LAChroniclesRPG
592744866585509889,jes6069,jesriley12
1004445577989341204,oxvalox,oxvalox
1103435202577051708,alphatrader_,onetrader01
876022729386647563,hmd7ai,CoreySnuff
1120473253325066311,linaa8915,Linaa414
1032264148412796968,taiwo6006,TaiwoOluwapelu9
976614693680590939,jimmy9177,Cryptogang88
1079676062730043493,light_of_night8,light_of_night8
1120485853676974140,noraa3007,Noraa525
758639633332174869,dpfvm_elf,elf_dpfvm
894117027172712498,klaxsiix,klaxsiix
1082199336638746644,papalalas,papalalas
898575806614368268,avinsmith,tranaiht
893015396385431572,misha1985,misha85a
998688543515869244,hossein7491,Richard_Enzo96
1075497803901571182,valtair_adanaan,Valtair_adnan
663741135482519573,gesoos,gesoosxbt
1092071428318302298,oxamire,Oxamire
830005527743561739,chiefdahunsi,dahunsitemitope
1125127457872285817,nikolass3046,Nikolas02311832
939990645840425032,gorbako,WIXgjMd211o7Bsj
1105289795263008768,alfredone,Juuaan888
998684964252024992,hdm368358,DaraeiHossein
1243239053391036416,beenaidreak,beenaidreak
1075509623974543442,oxtenebris,OxTenebris
1099059852183081134,oxtrion,ox_trion
931358671609409596,favybristol,0x_omomeh
991276661196718080,levanesku,LipartiyaLevan
322446934633611264,mylasthope,Mylasthope01
1032242494659895296,gigla001,Tamara933485339
1123233085106946088,.vladkor89,Vladkor55
1133701279756075039,garry2224,enthusiast_96
1125952305049641084,freeman0463,Freeman17190141
1123388970827534360,sarahst,Sarahst264
1089652471820984400,godofnothing0,godofnothingg
1120483726846075012,jamesy4973,James30470897
1069701054897336340,crypto_leopard,CryptoLeopard__
1202091784528986175,binhtranva,https://x.com/binhtranva
876150109161795594,brucee6538,Lalo_Sallamanca
1210953101264031755,yanjuchen,highend186
1091273636037529650,nagaraj5714,Nagaraj06710393
1172065260904124478,kejan3612,kejankrn
1278585294651658302,zlyhkrn,crytpoaltan
826715462858440767,westt121,westt121
900056975281381388,olayemi,Abdulaleem38178
1129494096780738571,robinlight.,Robinlight32
792793774191280198,rezamahd3,G0dz01
1161681145809874974,0xchrysolite,ola__debby
1010539418249084928,sedloe,Sed_0x
696699187030523934,hamil13,0xHamil
1092148008000442420,oxelinmond,Oxelinmond
1172121675572187208,krnmuratcryptt,krnmuratcrytp
1251693488605626391,olajuwon_xx,olajuwon_xx
949712243312951399,_starvy,Ivytreasur
889976088585973760,wviktorkaa_,vVviktorka
324994797641400322,alii2627,arrenali
902520909053718578,blessing9238,https://x.com/Blessedemd/status/1984157930837397727
867000944407740436,solomon79,hieudao151093
945272050686255145,dubai_7777,DuBai199999
895263089723863100,_ajinomoto_000,Ajinomoto6789
981592061314748466,_raymond0001,Ray_mond_0001
1309892292470898812,ayeishaxx,Ronnietradingco
1080601232785281108,radio7089,RadioPashe
1125725678160068668,almaghadimi,almaghadimi
1152387252232663091,crypto_dave_3rd,FabricWeaver
1338885488953786438,otong001,otongclint56732
388907635220545556,vva2123,golftel
896790630536192002,pandatel25,panda48084502
900745680438591598,spradith6057,greent2525
983191569547022368,mikubnk,mikubnk
1334834581362311191,muslialyan,muhendismining
1421742551567831073,promise32.,https://x.com/i/status/2010960371310334237
350776853948006411,novasko,novasko17
1285221725868392500,bodmatrix_analyst_83514,OnoriemuB
908085582369009666,isaiaho123,imose_eth
1002225538510893076,mrcarter2020,Magical20020
901838966616096819,jibjibjibjib,JPattaramai
1027446332031504404,toxicaalien,ToxicAlien42
919281104781996072,1stokrotka1,feshovec
1027165309636984892,sweetytr,BrSweety014
875627016332910644,ben777franklin,Ben777Franklin
1027628927990112267,falselady,Falseladyy
919190484050649108,irispetrechko,braveSp44
918551455860940870,mmadmann,Mad_3Man
1159737104679587932,igana_54,Iguaaan
980377252934066196,dsmd.dsmd,https://x.com/DSMD_DSMD/status/2007735653388419514
914393830843879424,pete4_,SqueezePS
914621326717763615,mykhailo457,mold106
919283823437557851,alphasta3,AlphaStA3
919183920094937089,nessanixon,pelamp11
1024162088358252565,._warrior_.,Warrior45_5
914165462156337234,debunk_._,Guy17Fox
1122572649630007357,dark_boy_0,DarkBoy267
1027426658698932314,pizza_llover,l_pizzalove
1167506713604268142,strodehu,Hatred064
914427305206632458,detector_36,Detector121
1159468616404709388,version99lv,Lv99Versio
919228293792804885,uliana33.,funny90girl
1024045646593925261,o_odelfina,o_odelfina
919267406986244177,nataliia_.01,DreamyG72
1024067983200497745,frankov569,nick0_0bim
1027446333084286976,sarcasm_prov,paralegal333
1026504580848160918,mydollar_,gigol09a
918573629774659645,fozyfazer,FozyFazer
1027426637073096724,absolute_0ero,Absolut550
921010084845330442,bruklin_b,mr_1bruklin
1027537762460635176,squeeze9390,Lunchiii1
919318850988802120,burmarkin,burmarkin002
912795847069167676,svetka444,Svetka444
1018819098622312488,sweetypie14812,Sweety35Pie
919226731011903509,biifrench,BiiFrench
912699645988335616,mariia878,Mariiaa878
1027499648505610291,olenkapantera,OlenkaPanera
919192120789696532,olichkaffr,Lady72Luck
1027153991185993768,stardust__11,Stardus298
914405336708939807,romaned.,taba147sco
919330276075782195,mihajlo55,Tigertoes12
918948746409181257,yourdream4,AtashiNoder
1027537771046387712,kit9kat,KitKat9_2
901851668449206343,jittra2975,Aranzz
352647702003056642,zheezzy,cheezzy16
978218356182249525,ice_chart,e_aisosa
1032583700266897422,agnes1891,agnes2500
842243799337140224,abdulaleem.,Webittor
910543153197637692,.qosim,Ynmkilly
896498415280746507,graceatwork,Gracelane1012
595709559721426954,3xyzpanda,3xyzdd
902193905439735819,pakapong2734,reehmendis
391295629411876864,rave0raven,web3bizdevguy
1338075288957091842,davidgrammy,David_grammy
1419214687605882971,_jesusbaby,web3princes
1159737000774078574,flysky._,FlySky_007
919241466906300446,danyiilaa_,Amazing4232
919282909460963390,iristrach,IrynaTrach
1159496385918410782,rungunrun,madIrishma36
1027446231502442537,freedom960,Freedom9233
1024153428148097116,pearlo00,pearl_33_
1159468737217445940,moneytriangle,triangle_money
919241471331278888,ro_bill,RomanBilchenko
919312588058288179,miroshnichenko_111,miroshn_1742
1027499667015094292,lazy_ledy,LazyLedy
1018798316353486919,blue___berry,Blue111Berry
1024165929631875142,miroshnichenko,Temptation441
1027153998463107152,playersecret50,Playersecret5
660511896700452868,huyenkul_crypto,HuyenkulCrypto
1024052849342173234,rbilchenko,https://x.com/rr_shoker/status/2008238890667356668?s=20
826324608366018610,abdsalam10,adegokeajala
943676180765241396,skyedecrypto,skyedecrypto
1292853464598319134,tranminh1996,MinhTran23062
1038462474422321252,ibradashu,ibrahimada32732
887707026204024882,hossein.7,azari_oghab
842388650238935040,biyoola,SAMoblitz
909936335752671272,jc9ine,John_eth105
824964184814780446,richyempire,freeworldlead
1110853542081736754,qprecious296,rovendisc
827038315433164811,anonymous6257,craniumset
893805692455108619,duality_pro,Uncle_Yujin
880390833453555742,raji1719,rajirasheed19
1229857428322127954,kurbankuz2514,crytokurbankuz
969132533046472704,nft_lover9340,0xengr_gudbee
1235548367732477993,kurban25,cryptoahmetkjn
927612234442633357,nhattung99,nhattung99
931344031387099188,chibueze1599,NorthmanOdin
957577213870497792,raymoney.,YakubAbdurrahm2
1329256660614774845,quangm2,PhuongNga567503
1346446790836092938,lincoln4_perry38090,dr_ben_X
558958147507847198,stabro1,Xen1240996
740673076521599098,atocrypto,<@740673076521599098>
895731116961562655,.lonely_1,lon3_ly
1243189465309122570,simochka_05_41473,OttoRussek9915
1024017778992230471,bibob5013,alixpersonal
1241969172926304277,aigul_uni,MattRagiel2
1239129032260325407,afrodita0967,Mitzi1213819
1241713070246727803,radmiroi,alitorrens94
1316785522869272667,pjmazz,<@1316785522869272667>z
856226294848159754,zarafeen11,endy__001
736939828737736744,dj1441r,JaiSurya1261315
1120557319005143131,dall_bro,f_seremeta
968758658517315585,x.rami,xrami72
564815004013035530,pluton747,cipher_scout
840163209365028925,ehsan289,toktiol
708741778274254878,theraw3ct,VoidWatcherWeb3
1242830829839716411,orochi_playful_kiwi_76942,lehaha232671514
1409162886542135367,belerinus,BBelerinus12631
969276603106480238,gojo.algo,vikamz3
887570872293031966,delapan9388,pickme4646
851875593788457010,shakthi6189,SH_AKTHI
830704170725802005,linhhuyen155,honglinh1991
